_id,flight_number,airline_name,planned_date,actual_date,destination_city,destination_country,terminal_number,check_in_number,check_in_zone,status_flight
1,118,ISRAIR AIRLINES,2025-06-27 00:00:00,2025-06-27 00:36:00,LONDON LUTON,UNITED KINGDOM,3,,,LANDED
2,1808,FLYDUBAI,2025-06-27 00:50:00,2025-06-27 00:57:00,DUBAI,UNITED ARAB EMIRATES,3,30-33,A,DEPARTED
3,496,EL AL ISRAEL AIRLINES,2025-06-27 00:20:00,2025-06-27 01:02:00,MADRID,SPAIN,3,,,LANDED
4,1,EL AL ISRAEL AIRLINES,2025-06-27 01:00:00,2025-06-27 01:18:00,NEW YORK,UNITED STATES,3,78-99,D,DEPARTED
5,5104,ARKIA  ISRAELI  AIRLINES,2025-06-27 01:10:00,2025-06-27 01:30:00,VIENNA,AUSTRIA,3,,,LANDED
6,1005,EL AL ISRAEL AIRLINES,2025-06-27 01:05:00,2025-06-27 01:33:00,LOS ANGELES,UNITED STATES,3,78-99,D,DEPARTED
7,156,TAROM - ROMANIAN AIR TRANSPORT,2025-06-27 00:20:00,2025-06-27 01:37:00,BUCHAREST,ROMANIA,3,52-54,B,DEPARTED
8,7101,ARKIA  ISRAELI  AIRLINES,2025-06-27 00:50:00,2025-06-27 01:58:00,BARCELONA,SPAIN,3,43-46,B,DEPARTED
9,993,ARKIA  ISRAELI  AIRLINES,2025-06-26 23:55:00,2025-06-27 02:00:00,LARNACA,CYPRUS,3,34-42,B,DEPARTED
10,540,EL AL ISRAEL AIRLINES,2025-06-27 00:55:00,2025-06-27 02:03:00,ATHENS,GREECE,3,,,LANDED
11,2368,EL AL ISRAEL AIRLINES,2025-06-27 02:40:00,2025-06-27 02:22:00,BUDAPEST,HUNGARY,3,,,LANDED
12,424,EL AL ISRAEL AIRLINES,2025-06-27 00:50:00,2025-06-27 02:23:00,PARIS,FRANCE,3,,,LANDED
13,256,ISRAIR AIRLINES,2025-06-27 01:50:00,2025-06-27 02:26:00,BERLIN,GERMANY,3,,,LANDED
14,2153,TAROM - ROMANIAN AIR TRANSPORT,2025-06-27 01:25:00,2025-06-27 02:39:00,BUCHAREST,ROMANIA,3,,,LANDED
15,457,HISKY,2025-06-26 22:40:00,2025-06-27 02:42:00,CHISINAU,MOLDOVA,3,,,LANDED
16,447,EL AL ISRAEL AIRLINES,2025-06-27 02:35:00,2025-06-27 02:50:00,ATHENS,GREECE,3,78-99,D,DEPARTED
17,221,EL AL ISRAEL AIRLINES,2025-06-27 02:15:00,2025-06-27 03:28:00,PARIS,FRANCE,3,78-99,D,DEPARTED
18,326,EL AL ISRAEL AIRLINES,2025-06-27 03:50:00,2025-06-27 03:53:00,PARIS,FRANCE,3,,,LANDED
19,2154,TAROM - ROMANIAN AIR TRANSPORT,2025-06-27 02:20:00,2025-06-27 04:03:00,BUCHAREST,ROMANIA,3,12-15,A,DEPARTED
20,458,HISKY,2025-06-26 23:50:00,2025-06-27 04:15:00,CHISINAU,MOLDOVA,3,16-18,A,DEPARTED
21,1604,ARKIA  ISRAELI  AIRLINES,2025-06-27 04:30:00,2025-06-27 04:32:00,DUBAI,UNITED ARAB EMIRATES,3,,,LANDED
22,418,EL AL ISRAEL AIRLINES,2025-06-27 05:00:00,2025-06-27 04:56:00,LONDON,UNITED KINGDOM,3,,,LANDED
23,949,ISRAIR AIRLINES,2025-06-27 05:15:00,2025-06-27 05:06:00,ATHENS,GREECE,3,12-21,A,DEPARTED
24,549,EL AL ISRAEL AIRLINES,2025-06-27 05:00:00,2025-06-27 05:10:00,ATHENS,GREECE,3,78-99,D,DEPARTED
25,311,EL AL ISRAEL AIRLINES,2025-06-27 05:00:00,2025-06-27 05:13:00,LONDON LUTON,UNITED KINGDOM,3,78-99,D,DEPARTED
26,419,EL AL ISRAEL AIRLINES,2025-06-27 05:10:00,2025-06-27 05:25:00,PARIS,FRANCE,3,78-99,D,DEPARTED
27,595,ETIHAD AIRWAYS,2025-06-27 05:50:00,2025-06-27 05:50:00,ABU DHABI,UNITED ARAB EMIRATES,3,,,CANCELED
28,1604,ARKIA  ISRAELI  AIRLINES,2025-06-27 06:00:00,2025-06-27 06:00:00,DUBAI,UNITED ARAB EMIRATES,3,,,CANCELED
29,5107,EL AL ISRAEL AIRLINES,2025-06-27 06:00:00,2025-06-27 06:04:00,TBILISI,GEORGIA,3,78-99,D,DEPARTED
30,337,EL AL ISRAEL AIRLINES,2025-06-27 06:05:00,2025-06-27 06:05:00,AMSTERDAM,NETHERLANDS,3,,,CANCELED
31,877,ISRAIR AIRLINES,2025-06-27 05:50:00,2025-06-27 06:09:00,BAKU,AZERBAIJAN,3,12-21,A,DEPARTED
32,5103,ARKIA  ISRAELI  AIRLINES,2025-06-27 06:15:00,2025-06-27 06:34:00,VIENNA,AUSTRIA,3,34-42,B,DEPARTED
33,3107,ARKIA  ISRAELI  AIRLINES,2025-06-27 06:30:00,2025-06-27 06:39:00,ATHENS,GREECE,3,34-42,B,DEPARTED
34,545,EL AL ISRAEL AIRLINES,2025-06-27 06:40:00,2025-06-27 06:54:00,ATHENS,GREECE,3,78-99,D,DEPARTED
35,573,EL AL ISRAEL AIRLINES,2025-06-27 06:55:00,2025-06-27 07:01:00,BUCHAREST,ROMANIA,3,78-99,D,DEPARTED
36,5433,EL AL ISRAEL AIRLINES,2025-06-27 06:45:00,2025-06-27 07:23:00,LARNACA,CYPRUS,3,78-99,D,DEPARTED
37,442,EL AL ISRAEL AIRLINES,2025-06-27 07:30:00,2025-06-27 07:30:00,ATHENS,GREECE,3,,,CANCELED
38,347,EL AL ISRAEL AIRLINES,2025-06-27 07:20:00,2025-06-27 07:33:00,ZURICH,SWITZERLAND,3,78-99,D,DEPARTED
39,596,ETIHAD AIRWAYS,2025-06-27 07:40:00,2025-06-27 07:40:00,ABU DHABI,UNITED ARAB EMIRATES,3,,,CANCELED
40,947,ISRAIR AIRLINES,2025-06-27 07:15:00,2025-06-27 07:44:00,ATHENS,GREECE,3,12-21,A,DEPARTED
41,381,EL AL ISRAEL AIRLINES,2025-06-27 07:45:00,2025-06-27 07:51:00,MILAN,ITALY,3,78-99,D,DEPARTED
42,1026,EL AL ISRAEL AIRLINES,2025-06-27 09:00:00,2025-06-27 08:05:00,NEWARK,UNITED STATES,3,,,LANDED
43,27,EL AL ISRAEL AIRLINES,2025-06-27 05:50:00,2025-06-27 08:10:00,NEWARK,UNITED STATES,3,78-99,D,DEPARTED
44,541,EL AL ISRAEL AIRLINES,2025-06-27 08:30:00,2025-06-27 08:30:00,ATHENS,GREECE,3,,,CANCELED
45,2369,EL AL ISRAEL AIRLINES,2025-06-27 08:35:00,2025-06-27 08:44:00,BUDAPEST,HUNGARY,3,78-99,D,DEPARTED
46,3115,ARKIA  ISRAELI  AIRLINES,2025-06-27 09:00:00,2025-06-27 09:00:00,ATHENS,GREECE,3,,,CANCELED
47,993,ISRAIR AIRLINES,2025-06-27 08:50:00,2025-06-27 09:11:00,LARNACA,CYPRUS,3,12-21,A,DEPARTED
48,385,EL AL ISRAEL AIRLINES,2025-06-27 09:20:00,2025-06-27 09:17:00,ROME,ITALY,3,78-99,D,DEPARTED
49,1006,EL AL ISRAEL AIRLINES,2025-06-27 10:00:00,2025-06-27 09:21:00,LOS ANGELES,UNITED STATES,3,,,LANDED
50,1002,EL AL ISRAEL AIRLINES,2025-06-27 09:10:00,2025-06-27 09:29:00,NEW YORK,UNITED STATES,3,,,LANDED
51,5438,EL AL ISRAEL AIRLINES,2025-06-27 09:30:00,2025-06-27 09:30:00,LARNACA,CYPRUS,3,,,CANCELED
52,955,ISRAIR AIRLINES,2025-06-27 09:15:00,2025-06-27 09:31:00,ATHENS,GREECE,3,12-15,A,DEPARTED
53,449,EL AL ISRAEL AIRLINES,2025-06-27 09:25:00,2025-06-27 09:48:00,ATHENS,GREECE,3,78-99,D,DEPARTED
54,5434,EL AL ISRAEL AIRLINES,2025-06-27 10:00:00,2025-06-27 10:00:00,LARNACA,CYPRUS,3,,,LANDED
55,3103,ARKIA  ISRAELI  AIRLINES,2025-06-27 06:45:00,2025-06-27 10:23:00,ATHENS,GREECE,3,34-42,B,DEPARTED
56,593,ETIHAD AIRWAYS,2025-06-27 11:00:00,2025-06-27 10:35:00,ABU DHABI,UNITED ARAB EMIRATES,3,,,LANDED
57,873,FLYONE ARMENIA LLC,2025-06-27 09:35:00,2025-06-27 10:45:00,YEREVAN,ARMENIA,3,,,LANDED
58,753,BLUE BIRD AIRWAYS,2025-06-27 10:40:00,2025-06-27 10:54:00,HERAKLION,GREECE,3,,,LANDED
59,691,BLUE BIRD AIRWAYS,2025-06-27 11:00:00,2025-06-27 11:00:00,RHODES,GREECE,3,,,CANCELED
60,486,EL AL ISRAEL AIRLINES,2025-06-27 11:00:00,2025-06-27 11:00:00,ROME,ITALY,3,,,CANCELED
61,5435,EL AL ISRAEL AIRLINES,2025-06-27 10:50:00,2025-06-27 11:00:00,LARNACA,CYPRUS,3,78-99,D,DEPARTED
62,542,EL AL ISRAEL AIRLINES,2025-06-27 08:30:00,2025-06-27 11:28:00,ATHENS,GREECE,3,,,LANDED
63,7102,ARKIA  ISRAELI  AIRLINES,2025-06-27 11:10:00,2025-06-27 11:38:00,BARCELONA,SPAIN,3,,,LANDED
64,694,BLUE BIRD AIRWAYS,2025-06-27 11:55:00,2025-06-27 11:55:00,RHODES,GREECE,3,,,CANCELED
65,420,EL AL ISRAEL AIRLINES,2025-06-27 12:00:00,2025-06-27 12:00:00,PARIS,FRANCE,3,,,CANCELED
66,702,BLUE BIRD AIRWAYS,2025-06-27 11:35:00,2025-06-27 12:07:00,ATHENS,GREECE,3,53-55,B,DEPARTED
67,1010,EL AL ISRAEL AIRLINES,2025-06-27 11:30:00,2025-06-27 12:08:00,NEW YORK,UNITED STATES,3,,,LANDED
68,874,FLYONE ARMENIA LLC,2025-06-27 10:35:00,2025-06-27 12:08:00,YEREVAN,ARMENIA,3,24-26,A,DEPARTED
69,704,BLUE BIRD AIRWAYS,2025-06-27 11:55:00,2025-06-27 12:11:00,ATHENS,GREECE,3,50-52,B,DEPARTED
70,3106,ARKIA  ISRAELI  AIRLINES,2025-06-27 12:05:00,2025-06-27 12:11:00,ATHENS,GREECE,3,,,LANDED
71,5108,EL AL ISRAEL AIRLINES,2025-06-27 12:15:00,2025-06-27 12:13:00,TBILISI,GEORGIA,3,,,LANDED
72,992,ISRAIR AIRLINES,2025-06-27 12:00:00,2025-06-27 12:19:00,LARNACA,CYPRUS,3,,,LANDED
73,7863,AERO MEXICO,2025-06-27 10:10:00,2025-06-27 12:23:00,LONDON,UNITED KINGDOM,3,78-99,D,DEPARTED
74,7452,DELTA AIRLINES,2025-06-27 10:10:00,2025-06-27 12:23:00,LONDON,UNITED KINGDOM,3,78-99,D,DEPARTED
75,315,EL AL ISRAEL AIRLINES,2025-06-27 10:10:00,2025-06-27 12:23:00,LONDON,UNITED KINGDOM,3,78-99,D,DEPARTED
76,3181,SAS,2025-06-27 10:10:00,2025-06-27 12:23:00,LONDON,UNITED KINGDOM,3,78-99,D,DEPARTED
77,7493,VIRGIN ATLANTIC AIRWAYS,2025-06-27 10:10:00,2025-06-27 12:23:00,LONDON,UNITED KINGDOM,3,78-99,D,DEPARTED
78,5439,EL AL ISRAEL AIRLINES,2025-06-27 12:15:00,2025-06-27 12:25:00,LARNACA,CYPRUS,3,78-99,D,DEPARTED
79,3,EL AL ISRAEL AIRLINES,2025-06-27 00:05:00,2025-06-27 12:33:00,NEW YORK,UNITED STATES,3,78-99,D,DEPARTED
80,104,TUS AIRWAYS,2025-06-27 12:50:00,2025-06-27 12:46:00,LARNACA,CYPRUS,3,,,LANDED
81,3101,ARKIA  ISRAELI  AIRLINES,2025-06-27 12:30:00,2025-06-27 12:53:00,ATHENS,GREECE,3,34-43,B,DEPARTED
82,117,ISRAIR AIRLINES,2025-06-27 12:35:00,2025-06-27 12:55:00,LONDON LUTON,UNITED KINGDOM,3,12-21,A,DEPARTED
83,942,ISRAIR AIRLINES,2025-06-27 10:30:00,2025-06-27 13:01:00,ATHENS,GREECE,3,,,LANDED
84,9141,FLY LILI,2025-06-27 13:10:00,2025-06-27 13:10:00,BUCHAREST,ROMANIA,3,,,CANCELED
85,878,ISRAIR AIRLINES,2025-06-27 13:20:00,2025-06-27 13:11:00,BAKU,AZERBAIJAN,3,,,LANDED
86,574,EL AL ISRAEL AIRLINES,2025-06-27 13:20:00,2025-06-27 13:15:00,BUCHAREST,ROMANIA,3,,,LANDED
87,1462,CYPRUS AIRWAYS,2025-06-27 13:25:00,2025-06-27 13:25:00,HERAKLION,GREECE,3,,,CANCELED
88,546,EL AL ISRAEL AIRLINES,2025-06-27 13:30:00,2025-06-27 13:30:00,ATHENS,GREECE,3,,,CANCELED
89,2101,ARKIA  ISRAELI  AIRLINES,2025-06-27 13:20:00,2025-06-27 13:37:00,LARNACA,CYPRUS,3,34-43,B,DEPARTED
90,7073,AIR FRANCE,2025-06-27 13:30:00,2025-06-27 13:41:00,PARIS,FRANCE,3,78-99,D,DEPARTED
91,327,EL AL ISRAEL AIRLINES,2025-06-27 13:30:00,2025-06-27 13:41:00,PARIS,FRANCE,3,78-99,D,DEPARTED
92,3159,SAS,2025-06-27 13:30:00,2025-06-27 13:41:00,PARIS,FRANCE,3,78-99,D,DEPARTED
93,222,EL AL ISRAEL AIRLINES,2025-06-27 13:55:00,2025-06-27 13:48:00,PARIS,FRANCE,3,,,LANDED
94,5025,AZIMUTH AIRLINES,2025-06-27 12:50:00,2025-06-27 13:55:00,SOCHI,RUSSIAN FEDERATION,3,,,LANDED
95,5436,EL AL ISRAEL AIRLINES,2025-06-27 14:05:00,2025-06-27 13:57:00,LARNACA,CYPRUS,3,,,LANDED
96,485,EL AL ISRAEL AIRLINES,2025-06-27 14:00:00,2025-06-27 14:00:00,ROME,ITALY,3,,,CANCELED
97,9127,FLY LILI,2025-06-27 14:05:00,2025-06-27 14:05:00,BASEL,SWITZERLAND,3,,,CANCELED
98,941,ISRAIR AIRLINES,2025-06-27 13:45:00,2025-06-27 14:14:00,ATHENS,GREECE,3,12-21,A,DEPARTED
99,557,EL AL ISRAEL AIRLINES,2025-06-27 14:15:00,2025-06-27 14:15:00,SOFIA,BULGARIA,3,,,CANCELED
100,575,EL AL ISRAEL AIRLINES,2025-06-27 14:15:00,2025-06-27 14:15:00,BUCHAREST,ROMANIA,3,,,CANCELED
101,548,EL AL ISRAEL AIRLINES,2025-06-27 10:35:00,2025-06-27 14:17:00,ATHENS,GREECE,3,,,LANDED
102,212,TUS AIRWAYS,2025-06-27 13:50:00,2025-06-27 14:29:00,ATHENS,GREECE,3,46-49,B,DEPARTED
103,387,EL AL ISRAEL AIRLINES,2025-06-27 14:30:00,2025-06-27 14:30:00,MILAN,ITALY,3,,,CANCELED
104,3183,SAS,2025-06-27 14:30:00,2025-06-27 14:30:00,MILAN,ITALY,3,,,CANCELED
105,8912,AIR PORTUGAL,2025-06-27 14:30:00,2025-06-27 14:30:00,MILAN,ITALY,3,,,CANCELED
106,8938,AIR PORTUGAL,2025-06-27 14:30:00,2025-06-27 14:30:00,MILAN,ITALY,3,,,CANCELED
107,26,EL AL ISRAEL AIRLINES,2025-06-27 14:30:00,2025-06-27 14:32:00,NEWARK,UNITED STATES,3,,,LANDED
108,3116,ARKIA  ISRAELI  AIRLINES,2025-06-27 14:35:00,2025-06-27 14:35:00,ATHENS,GREECE,3,,,CANCELED
109,943,ISRAIR AIRLINES,2025-06-27 14:45:00,2025-06-27 14:45:00,ATHENS,GREECE,3,12-21,A,CANCELED
110,7879,AEROLINEAS ARGENTINAS S.A.,2025-06-27 14:50:00,2025-06-27 14:50:00,ROME,ITALY,3,,,CANCELED
111,383,EL AL ISRAEL AIRLINES,2025-06-27 14:50:00,2025-06-27 14:50:00,ROME,ITALY,3,,,CANCELED
112,3169,SAS,2025-06-27 14:50:00,2025-06-27 14:50:00,ROME,ITALY,3,,,CANCELED
113,8900,AIR PORTUGAL,2025-06-27 14:50:00,2025-06-27 14:50:00,ROME,ITALY,3,,,CANCELED
114,86,EL AL ISRAEL AIRLINES,2025-06-27 16:00:00,2025-06-27 14:52:00,BANGKOK,THAILAND,3,,,LANDED
115,594,ETIHAD AIRWAYS,2025-06-27 14:50:00,2025-06-27 14:53:00,ABU DHABI,UNITED ARAB EMIRATES,3,29-33,A,DEPARTED
116,384,EL AL ISRAEL AIRLINES,2025-06-27 14:20:00,2025-06-27 15:04:00,ROME,ITALY,3,,,LANDED
117,5026,AZIMUTH AIRLINES,2025-06-27 13:50:00,2025-06-27 15:11:00,SOCHI,RUSSIAN FEDERATION,3,22-24,A,DEPARTED
118,5102,ARKIA  ISRAELI  AIRLINES,2025-06-27 14:45:00,2025-06-27 15:21:00,VIENNA,AUSTRIA,3,,,LANDED
119,3105,ARKIA  ISRAELI  AIRLINES,2025-06-27 15:05:00,2025-06-27 15:35:00,ATHENS,GREECE,3,34-43,B,DEPARTED
120,5440,EL AL ISRAEL AIRLINES,2025-06-27 15:30:00,2025-06-27 15:41:00,LARNACA,CYPRUS,3,,,LANDED
121,361,ISRAIR AIRLINES,2025-06-27 15:30:00,2025-06-27 15:44:00,ROME,ITALY,3,12-21,A,DEPARTED
122,543,EL AL ISRAEL AIRLINES,2025-06-27 15:45:00,2025-06-27 15:45:00,ATHENS,GREECE,3,,,CANCELED
123,995,ISRAIR AIRLINES,2025-06-27 14:50:00,2025-06-27 15:48:00,LARNACA,CYPRUS,3,12-21,A,DEPARTED
124,3458,TRANSAVIA FRANCE,2025-06-27 15:50:00,2025-06-27 15:50:00,PARIS,FRANCE,3,,,CANCELED
125,3104,ARKIA  ISRAELI  AIRLINES,2025-06-27 11:55:00,2025-06-27 16:03:00,ATHENS,GREECE,3,,,LANDED
126,5431,EL AL ISRAEL AIRLINES,2025-06-27 16:00:00,2025-06-27 16:08:00,LARNACA,CYPRUS,3,78-99,D,DEPARTED
127,420,EL AL ISRAEL AIRLINES,2025-06-27 16:20:00,2025-06-27 16:13:00,PARIS,FRANCE,3,,,LANDED
128,765,ISRAIR AIRLINES,2025-06-27 15:45:00,2025-06-27 16:14:00,PRAGUE,CZECH REPUBLIC,3,12-21,A,DEPARTED
129,2360,EL AL ISRAEL AIRLINES,2025-06-27 16:15:00,2025-06-27 16:16:00,BUDAPEST,HUNGARY,3,,,LANDED
130,944,ISRAIR AIRLINES,2025-06-27 12:30:00,2025-06-27 16:22:00,ATHENS,GREECE,3,,,LANDED
131,2102,ARKIA  ISRAELI  AIRLINES,2025-06-27 16:20:00,2025-06-27 16:25:00,LARNACA,CYPRUS,3,,,LANDED
132,3117,ARKIA  ISRAELI  AIRLINES,2025-06-27 16:30:00,2025-06-27 16:30:00,ATHENS,GREECE,3,,,CANCELED
133,544,EL AL ISRAEL AIRLINES,2025-06-27 12:35:00,2025-06-27 16:33:00,ATHENS,GREECE,3,,,LANDED
134,8,EL AL ISRAEL AIRLINES,2025-06-27 17:10:00,2025-06-27 16:35:00,NEW YORK,UNITED STATES,3,,,LANDED
135,362,ISRAIR AIRLINES,2025-06-27 13:50:00,2025-06-27 16:39:00,ROME,ITALY,3,,,LANDED
136,251,BLUE BIRD AIRWAYS,2025-06-27 16:40:00,2025-06-27 16:40:00,BARCELONA,SPAIN,3,,,CANCELED
137,6101,ARKIA  ISRAELI  AIRLINES,2025-06-27 16:00:00,2025-06-27 16:49:00,ROME,ITALY,3,34-43,B,DEPARTED
138,3459,TRANSAVIA FRANCE,2025-06-27 16:50:00,2025-06-27 16:50:00,PARIS,FRANCE,1,,,CANCELED
139,1695,TUS AIRWAYS,2025-06-27 17:00:00,2025-06-27 16:51:00,LONDON,UNITED KINGDOM,3,,,LANDED
140,286,EL AL ISRAEL AIRLINES,2025-06-27 15:30:00,2025-06-27 16:54:00,ROME,ITALY,3,,,LANDED
141,312,EL AL ISRAEL AIRLINES,2025-06-27 16:35:00,2025-06-27 16:58:00,LONDON LUTON,UNITED KINGDOM,3,,,LANDED
142,348,EL AL ISRAEL AIRLINES,2025-06-27 16:45:00,2025-06-27 16:59:00,ZURICH,SWITZERLAND,3,,,LANDED
143,561,BLUE BIRD AIRWAYS,2025-06-27 17:00:00,2025-06-27 17:00:00,BOURGAS,BULGARIA,3,,,CANCELED
144,382,EL AL ISRAEL AIRLINES,2025-06-27 16:50:00,2025-06-27 17:10:00,MILAN,ITALY,3,,,LANDED
145,338,EL AL ISRAEL AIRLINES,2025-06-27 17:15:00,2025-06-27 17:15:00,AMSTERDAM,NETHERLANDS,3,,,CANCELED
146,444,EL AL ISRAEL AIRLINES,2025-06-27 14:50:00,2025-06-27 17:23:00,ATHENS,GREECE,3,,,LANDED
147,2105,ARKIA  ISRAELI  AIRLINES,2025-06-27 17:20:00,2025-06-27 17:34:00,LARNACA,CYPRUS,3,34-43,B,DEPARTED
148,692,BLUE BIRD AIRWAYS,2025-06-27 17:35:00,2025-06-27 17:35:00,RHODES,GREECE,3,,,CANCELED
149,1463,CYPRUS AIRWAYS,2025-06-27 17:40:00,2025-06-27 17:40:00,HERAKLION,GREECE,3,,,CANCELED
150,110,CYPRUS AIRWAYS,2025-06-27 17:50:00,2025-06-27 17:43:00,LARNACA,CYPRUS,3,,,LANDED
151,564,BLUE BIRD AIRWAYS,2025-06-27 17:50:00,2025-06-27 17:50:00,BOURGAS,BULGARIA,3,,,CANCELED
152,2470,EMIRATES,2025-06-27 18:25:00,2025-06-27 18:13:00,DUBAI,UNITED ARAB EMIRATES,3,,,LANDED
153,1125,FLYDUBAI,2025-06-27 18:25:00,2025-06-27 18:13:00,DUBAI,UNITED ARAB EMIRATES,3,,,LANDED
154,386,EL AL ISRAEL AIRLINES,2025-06-27 17:40:00,2025-06-27 18:20:00,ROME,ITALY,3,,,LANDED
155,3102,ARKIA  ISRAELI  AIRLINES,2025-06-27 17:35:00,2025-06-27 18:30:00,ATHENS,GREECE,3,,,LANDED
156,3111,ARKIA  ISRAELI  AIRLINES,2025-06-27 18:35:00,2025-06-27 18:35:00,ATHENS,GREECE,3,34-43,B,CANCELED
157,946,ISRAIR AIRLINES,2025-06-27 14:30:00,2025-06-27 18:48:00,ATHENS,GREECE,3,,,LANDED
158,111,CYPRUS AIRWAYS,2025-06-27 18:50:00,2025-06-27 18:49:00,LARNACA,CYPRUS,3,24-26,A,DEPARTED
159,211,TUS AIRWAYS,2025-06-27 18:55:00,2025-06-27 19:16:00,ATHENS,GREECE,3,,,LANDED
160,369,ISRAIR AIRLINES,2025-06-27 19:20:00,2025-06-27 19:20:00,ROME,ITALY,3,12-21,A,CANCELED
161,997,ISRAIR AIRLINES,2025-06-27 19:20:00,2025-06-27 19:20:00,LARNACA,CYPRUS,3,,,CANCELED
162,368,ISRAIR AIRLINES,2025-06-27 18:20:00,2025-06-27 19:22:00,ROME,ITALY,3,,,LANDED
163,2471,EMIRATES,2025-06-27 19:55:00,2025-06-27 19:53:00,DUBAI,UNITED ARAB EMIRATES,3,52-55,B,DEPARTED
164,1126,FLYDUBAI,2025-06-27 19:55:00,2025-06-27 19:53:00,DUBAI,UNITED ARAB EMIRATES,3,52-55,B,DEPARTED
165,996,ISRAIR AIRLINES,2025-06-27 18:00:00,2025-06-27 19:53:00,LARNACA,CYPRUS,3,,,LANDED
166,4201,ARKIA  ISRAELI  AIRLINES,2025-06-27 18:35:00,2025-06-27 19:56:00,TBILISI,GEORGIA,3,34-43,B,DEPARTED
167,953,ISRAIR AIRLINES,2025-06-27 17:45:00,2025-06-27 19:58:00,ATHENS,GREECE,3,12-21,A,DEPARTED
168,952,ISRAIR AIRLINES,2025-06-27 20:00:00,2025-06-27 20:00:00,ATHENS,GREECE,3,,,CANCELED
169,701,BLUE BIRD AIRWAYS,2025-06-27 16:40:00,2025-06-27 20:07:00,ATHENS,GREECE,3,,,LANDED
170,2106,ARKIA  ISRAELI  AIRLINES,2025-06-27 20:20:00,2025-06-27 20:09:00,LARNACA,CYPRUS,3,,,LANDED
171,994,ISRAIR AIRLINES,2025-06-27 20:10:00,2025-06-27 20:10:00,LARNACA,CYPRUS,3,,,CANCELED
172,107,TUS AIRWAYS,2025-06-27 19:50:00,2025-06-27 20:15:00,LARNACA,CYPRUS,3,44-47,B,DEPARTED
173,954,ISRAIR AIRLINES,2025-06-27 19:00:00,2025-06-27 20:20:00,ATHENS,GREECE,3,,,LANDED
174,3108,ARKIA  ISRAELI  AIRLINES,2025-06-27 20:25:00,2025-06-27 20:30:00,ATHENS,GREECE,3,,,LANDED
175,991,ISRAIR AIRLINES,2025-06-27 17:00:00,2025-06-27 20:34:00,LARNACA,CYPRUS,3,12-21,A,DEPARTED
176,703,BLUE BIRD AIRWAYS,2025-06-27 17:00:00,2025-06-27 21:03:00,ATHENS,GREECE,3,,,LANDED
177,756,BLUE BIRD AIRWAYS,2025-06-27 17:35:00,2025-06-27 21:49:00,HERAKLION,GREECE,3,51-53,B,DEPARTED
178,3118,ARKIA  ISRAELI  AIRLINES,2025-06-27 22:05:00,2025-06-27 22:05:00,ATHENS,GREECE,3,,,CANCELED
179,2345,EMIRATES,2025-06-27 23:35:00,2025-06-27 23:17:00,DUBAI,UNITED ARAB EMIRATES,3,,,LANDED
180,1807,FLYDUBAI,2025-06-27 23:35:00,2025-06-27 23:17:00,DUBAI,UNITED ARAB EMIRATES,3,,,LANDED
181,9128,FLY LILI,2025-06-27 23:25:00,2025-06-27 23:25:00,BASEL,SWITZERLAND,3,,,CANCELED
182,118,ISRAIR AIRLINES,2025-06-27 23:55:00,2025-06-28 00:11:00,LONDON LUTON,UNITED KINGDOM,3,,,LANDED
183,3120,ARKIA  ISRAELI  AIRLINES,2025-06-28 00:15:00,2025-06-28 00:15:00,ATHENS,GREECE,3,,,CANCELED
184,766,ISRAIR AIRLINES,2025-06-28 00:30:00,2025-06-28 00:20:00,PRAGUE,CZECH REPUBLIC,3,,,LANDED
185,956,ISRAIR AIRLINES,2025-06-27 23:00:00,2025-06-28 00:40:00,ATHENS,GREECE,3,,,FINAL
186,2346,EMIRATES,2025-06-28 00:50:00,2025-06-28 00:50:00,DUBAI,UNITED ARAB EMIRATES,3,52-55,B,ON TIME
187,1808,FLYDUBAI,2025-06-28 00:50:00,2025-06-28 00:50:00,DUBAI,UNITED ARAB EMIRATES,3,52-55,B,ON TIME
188,4204,ARKIA  ISRAELI  AIRLINES,2025-06-28 01:00:00,2025-06-28 01:00:00,TBILISI,GEORGIA,3,,,CANCELED
189,6104,ARKIA  ISRAELI  AIRLINES,2025-06-28 00:15:00,2025-06-28 01:01:00,ROME,ITALY,3,,,FINAL
190,4202,ARKIA  ISRAELI  AIRLINES,2025-06-28 01:00:00,2025-06-28 01:46:00,TBILISI,GEORGIA,3,,,FINAL
191,3115,ARKIA  ISRAELI  AIRLINES,2025-06-28 03:05:00,2025-06-28 03:05:00,ATHENS,GREECE,3,34-38,B,ON TIME
192,957,ISRAIR AIRLINES,2025-06-28 04:45:00,2025-06-28 04:45:00,ATHENS,GREECE,3,16-19,A,ON TIME
193,4201,ARKIA  ISRAELI  AIRLINES,2025-06-28 05:15:00,2025-06-28 05:15:00,TBILISI,GEORGIA,3,34-42,B,ON TIME
194,595,ETIHAD AIRWAYS,2025-06-28 05:50:00,2025-06-28 05:50:00,ABU DHABI,UNITED ARAB EMIRATES,3,,,NOT FINAL
195,6101,ARKIA  ISRAELI  AIRLINES,2025-06-28 06:15:00,2025-06-28 06:15:00,ROME,ITALY,3,34-42,B,ON TIME
196,995,ISRAIR AIRLINES,2025-06-28 06:40:00,2025-06-28 06:40:00,LARNACA,CYPRUS,3,12-23,A,ON TIME
197,994,ISRAIR AIRLINES,2025-06-28 06:50:00,2025-06-28 06:50:00,LARNACA,CYPRUS,3,,,NOT FINAL
198,761,ISRAIR AIRLINES,2025-06-28 07:05:00,2025-06-28 07:05:00,PRAGUE,CZECH REPUBLIC,3,12-23,A,ON TIME
199,596,ETIHAD AIRWAYS,2025-06-28 07:40:00,2025-06-28 07:40:00,ABU DHABI,UNITED ARAB EMIRATES,3,30-33,A,ON TIME
200,955,ISRAIR AIRLINES,2025-06-28 07:45:00,2025-06-28 07:45:00,ATHENS,GREECE,3,12-23,A,ON TIME
201,783,ISRAIR AIRLINES,2025-06-28 07:50:00,2025-06-28 07:50:00,BUDAPEST,HUNGARY,3,12-23,A,ON TIME
202,944,ISRAIR AIRLINES,2025-06-28 08:00:00,2025-06-28 08:00:00,ATHENS,GREECE,3,,,NOT FINAL
203,365,ISRAIR AIRLINES,2025-06-28 08:10:00,2025-06-28 08:10:00,ROME,ITALY,3,12-23,A,ON TIME
204,3111,ARKIA  ISRAELI  AIRLINES,2025-06-28 08:20:00,2025-06-28 08:20:00,ATHENS,GREECE,3,,,CANCELED
205,5101,ARKIA  ISRAELI  AIRLINES,2025-06-28 08:30:00,2025-06-28 08:30:00,VIENNA,AUSTRIA,3,34-43,B,ON TIME
206,3106,ARKIA  ISRAELI  AIRLINES,2025-06-28 08:40:00,2025-06-28 08:40:00,ATHENS,GREECE,3,,,NOT FINAL
207,3103,ARKIA  ISRAELI  AIRLINES,2025-06-28 08:50:00,2025-06-28 08:50:00,ATHENS,GREECE,3,34-43,B,ON TIME
208,102,TUS AIRWAYS,2025-06-28 08:50:00,2025-06-28 08:50:00,LARNACA,CYPRUS,3,,,NOT FINAL
209,1603,ARKIA  ISRAELI  AIRLINES,2025-06-28 09:40:00,2025-06-28 09:40:00,DUBAI,UNITED ARAB EMIRATES,3,34-43,B,ON TIME
210,212,TUS AIRWAYS,2025-06-28 09:45:00,2025-06-28 09:45:00,ATHENS,GREECE,3,52-55,B,ON TIME
211,992,ISRAIR AIRLINES,2025-06-28 09:50:00,2025-06-28 09:50:00,LARNACA,CYPRUS,3,,,NOT FINAL
212,942,ISRAIR AIRLINES,2025-06-28 10:00:00,2025-06-28 10:00:00,ATHENS,GREECE,3,,,NOT FINAL
213,355,ISRAIR AIRLINES,2025-06-28 10:05:00,2025-06-28 10:05:00,VERONA,ITALY,3,12-23,A,ON TIME
214,593,ETIHAD AIRWAYS,2025-06-28 11:00:00,2025-06-28 11:00:00,ABU DHABI,UNITED ARAB EMIRATES,3,,,CANCELED
215,362,ISRAIR AIRLINES,2025-06-28 11:05:00,2025-06-28 11:05:00,ROME,ITALY,3,,,NOT FINAL
216,21,AZERBAIJAN AIRLINES,2025-06-28 11:30:00,2025-06-28 11:30:00,BAKU,AZERBAIJAN,3,,,NOT FINAL
217,4204,ARKIA  ISRAELI  AIRLINES,2025-06-28 11:50:00,2025-06-28 11:50:00,TBILISI,GEORGIA,3,,,NOT FINAL
218,3101,ARKIA  ISRAELI  AIRLINES,2025-06-28 12:00:00,2025-06-28 12:00:00,ATHENS,GREECE,3,34-42,B,ON TIME
219,947,ISRAIR AIRLINES,2025-06-28 12:05:00,2025-06-28 12:05:00,ATHENS,GREECE,3,12-23,A,ON TIME
220,431,BLUE BIRD AIRWAYS,2025-06-28 12:30:00,2025-06-28 12:30:00,BUCHAREST,ROMANIA,3,,,NOT FINAL
221,22,AZERBAIJAN AIRLINES,2025-06-28 12:30:00,2025-06-28 12:30:00,BAKU,AZERBAIJAN,3,30-33,A,ON TIME
222,757,BLUE BIRD AIRWAYS,2025-06-28 10:40:00,2025-06-28 12:40:00,HERAKLION,GREECE,3,,,DELAYED
223,5025,AZIMUTH AIRLINES,2025-06-28 12:50:00,2025-06-28 12:50:00,SOCHI,RUSSIAN FEDERATION,3,,,NOT FINAL
224,946,ISRAIR AIRLINES,2025-06-28 13:00:00,2025-06-28 13:00:00,ATHENS,GREECE,3,,,NOT FINAL
225,7101,ARKIA  ISRAELI  AIRLINES,2025-06-28 13:20:00,2025-06-28 13:20:00,PARIS,FRANCE,3,34-42,B,ON TIME
226,708,BLUE BIRD AIRWAYS,2025-06-28 13:30:00,2025-06-28 13:30:00,ATHENS,GREECE,3,53-55,B,ON TIME
227,706,BLUE BIRD AIRWAYS,2025-06-28 11:35:00,2025-06-28 13:35:00,ATHENS,GREECE,3,50-52,B,DELAYED
228,941,ISRAIR AIRLINES,2025-06-28 13:45:00,2025-06-28 13:45:00,ATHENS,GREECE,3,12-23,A,ON TIME
229,5026,AZIMUTH AIRLINES,2025-06-28 13:50:00,2025-06-28 13:50:00,SOCHI,RUSSIAN FEDERATION,3,25-27,A,ON TIME
230,781,ISRAIR AIRLINES,2025-06-28 14:00:00,2025-06-28 14:00:00,BUDAPEST,HUNGARY,3,12-23,A,ON TIME
231,3108,ARKIA  ISRAELI  AIRLINES,2025-06-28 14:10:00,2025-06-28 14:10:00,ATHENS,GREECE,3,,,NOT FINAL
232,110,CYPRUS AIRWAYS,2025-06-28 14:30:00,2025-06-28 14:30:00,LARNACA,CYPRUS,3,,,NOT FINAL
233,6102,ARKIA  ISRAELI  AIRLINES,2025-06-28 14:45:00,2025-06-28 14:45:00,ROME,ITALY,3,,,NOT FINAL
234,594,ETIHAD AIRWAYS,2025-06-28 14:50:00,2025-06-28 14:50:00,ABU DHABI,UNITED ARAB EMIRATES,3,,,CANCELED
235,211,TUS AIRWAYS,2025-06-28 14:55:00,2025-06-28 14:55:00,ATHENS,GREECE,3,,,NOT FINAL
236,418,ETHIOPIAN AIRLINES,2025-06-28 15:10:00,2025-06-28 15:10:00,ADDIS ABABA,ETHIOPIA,3,,,CANCELED
237,111,CYPRUS AIRWAYS,2025-06-28 15:20:00,2025-06-28 15:20:00,LARNACA,CYPRUS,3,31-33,A,ON TIME
238,4101,ARKIA  ISRAELI  AIRLINES,2025-06-28 15:25:00,2025-06-28 15:25:00,BATUMI,GEORGIA,3,34-42,B,ON TIME
239,782,ISRAIR AIRLINES,2025-06-28 15:30:00,2025-06-28 15:30:00,BUDAPEST,HUNGARY,3,,,NOT FINAL
240,107,TUS AIRWAYS,2025-06-28 15:50:00,2025-06-28 15:50:00,LARNACA,CYPRUS,3,52-55,B,ON TIME
241,762,ISRAIR AIRLINES,2025-06-28 15:50:00,2025-06-28 15:50:00,PRAGUE,CZECH REPUBLIC,3,,,NOT FINAL
242,419,ETHIOPIAN AIRLINES,2025-06-28 16:00:00,2025-06-28 16:00:00,ADDIS ABABA,ETHIOPIA,3,29-33,A,CANCELED
243,361,ISRAIR AIRLINES,2025-06-28 16:00:00,2025-06-28 16:00:00,ROME,ITALY,3,12-23,A,ON TIME
244,2101,ARKIA  ISRAELI  AIRLINES,2025-06-28 16:15:00,2025-06-28 16:15:00,LARNACA,CYPRUS,3,34-42,B,ON TIME
245,364,ISRAIR AIRLINES,2025-06-28 16:15:00,2025-06-28 16:15:00,ROME,ITALY,3,,,NOT FINAL
246,899,ISRAIR AIRLINES,2025-06-28 16:30:00,2025-06-28 16:30:00,TBILISI,GEORGIA,3,12-23,A,ON TIME
247,993,ISRAIR AIRLINES,2025-06-28 17:00:00,2025-06-28 17:00:00,LARNACA,CYPRUS,3,12-23,A,CANCELED
248,3102,ARKIA  ISRAELI  AIRLINES,2025-06-28 17:05:00,2025-06-28 17:05:00,ATHENS,GREECE,3,,,NOT FINAL
249,5102,ARKIA  ISRAELI  AIRLINES,2025-06-28 17:10:00,2025-06-28 17:10:00,VIENNA,AUSTRIA,3,,,NOT FINAL
250,948,ISRAIR AIRLINES,2025-06-28 17:20:00,2025-06-28 17:20:00,ATHENS,GREECE,3,,,NOT FINAL
251,993,ISRAIR AIRLINES,2025-06-28 18:00:00,2025-06-28 18:00:00,LARNACA,CYPRUS,3,12-23,A,ON TIME
252,943,ISRAIR AIRLINES,2025-06-28 18:20:00,2025-06-28 18:20:00,ATHENS,GREECE,3,12-23,A,ON TIME
253,2470,EMIRATES,2025-06-28 18:25:00,2025-06-28 18:25:00,DUBAI,UNITED ARAB EMIRATES,3,,,NOT FINAL
254,1125,FLYDUBAI,2025-06-28 18:25:00,2025-06-28 18:25:00,DUBAI,UNITED ARAB EMIRATES,3,,,NOT FINAL
255,707,BLUE BIRD AIRWAYS,2025-06-28 18:30:00,2025-06-28 18:30:00,ATHENS,GREECE,3,,,NOT FINAL
256,354,ISRAIR AIRLINES,2025-06-28 18:30:00,2025-06-28 18:30:00,VERONA,ITALY,3,,,NOT FINAL
257,1604,ARKIA  ISRAELI  AIRLINES,2025-06-28 18:35:00,2025-06-28 18:35:00,DUBAI,UNITED ARAB EMIRATES,3,,,NOT FINAL
258,705,BLUE BIRD AIRWAYS,2025-06-28 16:40:00,2025-06-28 18:40:00,ATHENS,GREECE,3,,,DELAYED
259,952,ISRAIR AIRLINES,2025-06-28 19:00:00,2025-06-28 19:00:00,ATHENS,GREECE,3,,,NOT FINAL
260,2102,ARKIA  ISRAELI  AIRLINES,2025-06-28 19:15:00,2025-06-28 19:15:00,LARNACA,CYPRUS,3,,,NOT FINAL
261,112,BLUE BIRD AIRWAYS,2025-06-28 19:30:00,2025-06-28 19:30:00,LARNACA,CYPRUS,3,49-51,B,ON TIME
262,756,BLUE BIRD AIRWAYS,2025-06-28 17:35:00,2025-06-28 19:35:00,HERAKLION,GREECE,3,52-55,B,DELAYED
263,3105,ARKIA  ISRAELI  AIRLINES,2025-06-28 19:50:00,2025-06-28 19:50:00,ATHENS,GREECE,3,34-42,B,ON TIME
264,2471,EMIRATES,2025-06-28 19:55:00,2025-06-28 19:55:00,DUBAI,UNITED ARAB EMIRATES,3,30-33,A,ON TIME
265,1126,FLYDUBAI,2025-06-28 19:55:00,2025-06-28 19:55:00,DUBAI,UNITED ARAB EMIRATES,3,30-33,A,ON TIME
266,991,ISRAIR AIRLINES,2025-06-28 20:00:00,2025-06-28 20:00:00,LARNACA,CYPRUS,3,12-23,A,ON TIME
267,2107,ARKIA  ISRAELI  AIRLINES,2025-06-28 20:45:00,2025-06-28 20:45:00,LARNACA,CYPRUS,3,34-42,B,ON TIME
268,990,ISRAIR AIRLINES,2025-06-28 21:10:00,2025-06-28 21:10:00,LARNACA,CYPRUS,3,,,NOT FINAL
269,4102,ARKIA  ISRAELI  AIRLINES,2025-06-28 21:30:00,2025-06-28 21:30:00,BATUMI,GEORGIA,3,,,NOT FINAL
270,784,ISRAIR AIRLINES,2025-06-28 21:40:00,2025-06-28 21:40:00,BUDAPEST,HUNGARY,3,,,NOT FINAL
271,302,ARKIA  ISRAELI  AIRLINES,2025-06-28 21:55:00,2025-06-28 21:55:00,BOURGAS,BULGARIA,3,,,NOT FINAL
272,457,HISKY,2025-06-28 22:40:00,2025-06-28 22:40:00,CHISINAU,MOLDOVA,3,,,CANCELED
273,900,ISRAIR AIRLINES,2025-06-28 22:45:00,2025-06-28 22:45:00,TBILISI,GEORGIA,3,,,NOT FINAL
274,996,ISRAIR AIRLINES,2025-06-28 23:10:00,2025-06-28 23:10:00,LARNACA,CYPRUS,3,,,NOT FINAL
275,155,TAROM - ROMANIAN AIR TRANSPORT,2025-06-28 23:20:00,2025-06-28 23:20:00,BUCHAREST,ROMANIA,3,,,NOT FINAL
276,81,EL AL ISRAEL AIRLINES,2025-06-28 23:30:00,2025-06-28 23:30:00,BANGKOK,THAILAND,3,78-99,D,ON TIME
277,5020,QANTAS AIRWAYS,2025-06-28 23:30:00,2025-06-28 23:30:00,BANGKOK,THAILAND,3,78-99,D,ON TIME
278,4584,THAI AIRWAYS,2025-06-28 23:30:00,2025-06-28 23:30:00,BANGKOK,THAILAND,3,78-99,D,ON TIME
279,3298,VIETNAM AIRLINES,2025-06-28 23:30:00,2025-06-28 23:30:00,BANGKOK,THAILAND,3,78-99,D,ON TIME
280,2345,EMIRATES,2025-06-28 23:35:00,2025-06-28 23:35:00,DUBAI,UNITED ARAB EMIRATES,3,,,NOT FINAL
281,1807,FLYDUBAI,2025-06-28 23:35:00,2025-06-28 23:35:00,DUBAI,UNITED ARAB EMIRATES,3,,,NOT FINAL
282,956,ISRAIR AIRLINES,2025-06-28 23:35:00,2025-06-28 23:35:00,ATHENS,GREECE,3,,,NOT FINAL
283,458,HISKY,2025-06-28 23:40:00,2025-06-28 23:40:00,CHISINAU,MOLDOVA,3,44-46,B,CANCELED
284,2108,ARKIA  ISRAELI  AIRLINES,2025-06-28 23:45:00,2025-06-28 23:45:00,LARNACA,CYPRUS,3,,,NOT FINAL
285,991,ARKIA  ISRAELI  AIRLINES,2025-06-28 23:55:00,2025-06-28 23:55:00,LARNACA,CYPRUS,3,34-42,B,ON TIME
286,7895,AERO MEXICO,2025-06-29 00:05:00,2025-06-29 00:05:00,NEW YORK,UNITED STATES,3,78-99,D,ON TIME
287,6453,JETBLUE AIRWAYS CORPORATION,2025-06-29 00:05:00,2025-06-29 00:05:00,NEW YORK,UNITED STATES,3,78-99,D,ON TIME
288,7426,DELTA AIRLINES,2025-06-29 00:05:00,2025-06-29 00:05:00,NEW YORK,UNITED STATES,3,78-99,D,ON TIME
289,3,EL AL ISRAEL AIRLINES,2025-06-29 00:05:00,2025-06-29 00:05:00,NEW YORK,UNITED STATES,3,78-99,D,ON TIME
290,366,ISRAIR AIRLINES,2025-06-29 00:05:00,2025-06-29 00:05:00,ROME,ITALY,3,,,NOT FINAL
291,7851,AEROLINEAS ARGENTINAS S.A.,2025-06-29 00:15:00,2025-06-29 00:15:00,MIAMI,UNITED STATES,3,78-99,D,ON TIME
292,6467,JETBLUE AIRWAYS CORPORATION,2025-06-29 00:15:00,2025-06-29 00:15:00,MIAMI,UNITED STATES,3,78-99,D,ON TIME
293,7437,DELTA AIRLINES,2025-06-29 00:15:00,2025-06-29 00:15:00,MIAMI,UNITED STATES,3,78-99,D,ON TIME
294,7104,ARKIA  ISRAELI  AIRLINES,2025-06-29 00:15:00,2025-06-29 00:15:00,PARIS,FRANCE,3,,,NOT FINAL
295,17,EL AL ISRAEL AIRLINES,2025-06-29 00:15:00,2025-06-29 00:15:00,MIAMI,UNITED STATES,3,78-99,D,ON TIME
296,156,TAROM - ROMANIAN AIR TRANSPORT,2025-06-29 00:20:00,2025-06-29 00:20:00,BUCHAREST,ROMANIA,3,47-49,B,ON TIME
297,6483,JETBLUE AIRWAYS CORPORATION,2025-06-29 00:30:00,2025-06-29 00:30:00,NEWARK,UNITED STATES,3,78-99,D,CANCELED
298,7443,DELTA AIRLINES,2025-06-29 00:30:00,2025-06-29 00:30:00,NEWARK,UNITED STATES,3,78-99,D,CANCELED
299,27,EL AL ISRAEL AIRLINES,2025-06-29 00:30:00,2025-06-29 00:30:00,NEWARK,UNITED STATES,3,78-99,D,CANCELED
300,5434,EL AL ISRAEL AIRLINES,2025-06-29 00:45:00,2025-06-29 00:45:00,LARNACA,CYPRUS,3,,,NOT FINAL
301,2346,EMIRATES,2025-06-29 00:50:00,2025-06-29 00:50:00,DUBAI,UNITED ARAB EMIRATES,3,52-55,B,ON TIME
302,1808,FLYDUBAI,2025-06-29 00:50:00,2025-06-29 00:50:00,DUBAI,UNITED ARAB EMIRATES,3,52-55,B,ON TIME
303,83,EL AL ISRAEL AIRLINES,2025-06-29 00:55:00,2025-06-29 00:55:00,BANGKOK,THAILAND,3,78-99,D,ON TIME
304,5018,QANTAS AIRWAYS,2025-06-29 00:55:00,2025-06-29 00:55:00,BANGKOK,THAILAND,3,78-99,D,ON TIME
305,4586,THAI AIRWAYS,2025-06-29 00:55:00,2025-06-29 00:55:00,BANGKOK,THAILAND,3,78-99,D,ON TIME
306,7869,AERO MEXICO,2025-06-29 01:00:00,2025-06-29 01:00:00,NEW YORK,UNITED STATES,3,78-99,D,ON TIME
307,7853,AEROLINEAS ARGENTINAS S.A.,2025-06-29 01:00:00,2025-06-29 01:00:00,NEW YORK,UNITED STATES,3,78-99,D,ON TIME
308,6451,JETBLUE AIRWAYS CORPORATION,2025-06-29 01:00:00,2025-06-29 01:00:00,NEW YORK,UNITED STATES,3,78-99,D,ON TIME
309,6481,JETBLUE AIRWAYS CORPORATION,2025-06-29 01:00:00,2025-06-29 01:00:00,NEWARK,UNITED STATES,3,78-99,D,ON TIME
310,7424,DELTA AIRLINES,2025-06-29 01:00:00,2025-06-29 01:00:00,NEW YORK,UNITED STATES,3,78-99,D,ON TIME
311,7441,DELTA AIRLINES,2025-06-29 01:00:00,2025-06-29 01:00:00,NEWARK,UNITED STATES,3,78-99,D,ON TIME
312,1,EL AL ISRAEL AIRLINES,2025-06-29 01:00:00,2025-06-29 01:00:00,NEW YORK,UNITED STATES,3,78-99,D,ON TIME
313,25,EL AL ISRAEL AIRLINES,2025-06-29 01:00:00,2025-06-29 01:00:00,NEWARK,UNITED STATES,3,78-99,D,ON TIME
314,7875,AERO MEXICO,2025-06-29 01:05:00,2025-06-29 01:05:00,LOS ANGELES,UNITED STATES,3,78-99,D,ON TIME
315,6461,JETBLUE AIRWAYS CORPORATION,2025-06-29 01:05:00,2025-06-29 01:05:00,LOS ANGELES,UNITED STATES,3,78-99,D,ON TIME
316,7428,DELTA AIRLINES,2025-06-29 01:05:00,2025-06-29 01:05:00,LOS ANGELES,UNITED STATES,3,78-99,D,ON TIME
317,5,EL AL ISRAEL AIRLINES,2025-06-29 01:05:00,2025-06-29 01:05:00,LOS ANGELES,UNITED STATES,3,78-99,D,ON TIME
318,3110,ARKIA  ISRAELI  AIRLINES,2025-06-29 01:25:00,2025-06-29 01:25:00,ATHENS,GREECE,3,,,NOT FINAL
319,3117,ARKIA  ISRAELI  AIRLINES,2025-06-29 02:55:00,2025-06-29 02:55:00,ATHENS,GREECE,3,34-40,B,ON TIME
320,4103,ARKIA  ISRAELI  AIRLINES,2025-06-29 03:10:00,2025-06-29 03:10:00,BATUMI,GEORGIA,3,34-40,B,ON TIME
321,311,EL AL ISRAEL AIRLINES,2025-06-29 05:00:00,2025-06-29 05:00:00,LONDON LUTON,UNITED KINGDOM,3,78-99,D,ON TIME
322,7879,AERO MEXICO,2025-06-29 05:30:00,2025-06-29 05:30:00,MADRID,SPAIN,3,78-99,D,ON TIME
323,7871,AEROLINEAS ARGENTINAS S.A.,2025-06-29 05:30:00,2025-06-29 05:30:00,MADRID,SPAIN,3,78-99,D,ON TIME
324,7714,IBERIA,2025-06-29 05:30:00,2025-06-29 05:30:00,MADRID,SPAIN,3,78-99,D,ON TIME
325,7101,ARKIA  ISRAELI  AIRLINES,2025-06-29 05:30:00,2025-06-29 05:30:00,PARIS,FRANCE,3,34-40,B,ON TIME
326,395,EL AL ISRAEL AIRLINES,2025-06-29 05:30:00,2025-06-29 05:30:00,MADRID,SPAIN,3,78-99,D,ON TIME
327,883,ISRAIR AIRLINES,2025-06-29 05:30:00,2025-06-29 05:30:00,BATUMI,GEORGIA,3,12-23,A,ON TIME
328,7067,AIR FRANCE,2025-06-29 05:40:00,2025-06-29 05:40:00,PARIS,FRANCE,3,78-99,D,ON TIME
329,7867,AERO MEXICO,2025-06-29 05:40:00,2025-06-29 05:40:00,PARIS,FRANCE,3,78-99,D,ON TIME
330,319,EL AL ISRAEL AIRLINES,2025-06-29 05:40:00,2025-06-29 05:40:00,PARIS,FRANCE,3,78-99,D,ON TIME
331,3161,SAS,2025-06-29 05:40:00,2025-06-29 05:40:00,PARIS,FRANCE,3,78-99,D,ON TIME
332,94,EL AL ISRAEL AIRLINES,2025-06-29 05:45:00,2025-06-29 05:45:00,BANGKOK,THAILAND,3,,,NOT FINAL
333,7864,AERO MEXICO,2025-06-29 06:05:00,2025-06-29 06:05:00,AMSTERDAM,NETHERLANDS,3,78-99,D,ON TIME
334,7877,AEROLINEAS ARGENTINAS S.A.,2025-06-29 06:05:00,2025-06-29 06:05:00,ROME,ITALY,3,78-99,D,ON TIME
335,2473,K.L.M.,2025-06-29 06:05:00,2025-06-29 06:05:00,AMSTERDAM,NETHERLANDS,3,78-99,D,ON TIME
336,337,EL AL ISRAEL AIRLINES,2025-06-29 06:05:00,2025-06-29 06:05:00,AMSTERDAM,NETHERLANDS,3,78-99,D,ON TIME
337,385,EL AL ISRAEL AIRLINES,2025-06-29 06:05:00,2025-06-29 06:05:00,ROME,ITALY,3,78-99,D,ON TIME
338,3155,SAS,2025-06-29 06:05:00,2025-06-29 06:05:00,AMSTERDAM,NETHERLANDS,3,78-99,D,ON TIME
339,3167,SAS,2025-06-29 06:05:00,2025-06-29 06:05:00,ROME,ITALY,3,78-99,D,ON TIME
340,8898,AIR PORTUGAL,2025-06-29 06:05:00,2025-06-29 06:05:00,ROME,ITALY,3,78-99,D,ON TIME
341,7454,DELTA AIRLINES,2025-06-29 06:10:00,2025-06-29 06:10:00,FRANKFURT,GERMANY,3,78-99,D,ON TIME
342,357,EL AL ISRAEL AIRLINES,2025-06-29 06:10:00,2025-06-29 06:10:00,FRANKFURT,GERMANY,3,78-99,D,ON TIME
343,951,ISRAIR AIRLINES,2025-06-29 06:15:00,2025-06-29 06:15:00,ATHENS,GREECE,3,12-23,A,ON TIME
344,1801,ARKIA  ISRAELI  AIRLINES,2025-06-29 06:20:00,2025-06-29 06:20:00,RAMON,ISRAEL,3,G20-G25,G,ON TIME
345,2365,EL AL ISRAEL AIRLINES,2025-06-29 06:35:00,2025-06-29 06:35:00,BUDAPEST,HUNGARY,3,78-99,D,ON TIME
346,971,EL AL ISRAEL AIRLINES,2025-06-29 06:40:00,2025-06-29 06:40:00,DUBAI,UNITED ARAB EMIRATES,3,78-99,D,ON TIME
347,997,ISRAIR AIRLINES,2025-06-29 06:50:00,2025-06-29 06:50:00,LARNACA,CYPRUS,3,12-23,A,ON TIME
348,220,EL AL ISRAEL AIRLINES,2025-06-29 07:05:00,2025-06-29 07:05:00,PARIS,FRANCE,3,,,NOT FINAL
349,541,EL AL ISRAEL AIRLINES,2025-06-29 07:05:00,2025-06-29 07:05:00,ATHENS,GREECE,3,78-99,D,ON TIME
350,765,ISRAIR AIRLINES,2025-06-29 07:10:00,2025-06-29 07:10:00,PRAGUE,CZECH REPUBLIC,3,12-23,A,ON TIME
351,86,EL AL ISRAEL AIRLINES,2025-06-29 07:45:00,2025-06-29 07:45:00,BANGKOK,THAILAND,3,,,NOT FINAL
352,381,EL AL ISRAEL AIRLINES,2025-06-29 07:45:00,2025-06-29 07:45:00,MILAN,ITALY,3,78-99,D,ON TIME
353,3185,SAS,2025-06-29 07:45:00,2025-06-29 07:45:00,MILAN,ITALY,3,78-99,D,ON TIME
354,8910,AIR PORTUGAL,2025-06-29 07:45:00,2025-06-29 07:45:00,MILAN,ITALY,3,78-99,D,ON TIME
355,363,ISRAIR AIRLINES,2025-06-29 07:45:00,2025-06-29 07:45:00,ROME,ITALY,3,12-23,A,ON TIME
356,6176,AIR FRANCE,2025-06-29 08:00:00,2025-06-29 08:00:00,PARIS,FRANCE,3,78-99,D,ON TIME
357,7897,AERO MEXICO,2025-06-29 08:00:00,2025-06-29 08:00:00,PARIS,FRANCE,3,78-99,D,ON TIME
358,221,EL AL ISRAEL AIRLINES,2025-06-29 08:00:00,2025-06-29 08:00:00,PARIS,FRANCE,3,78-99,D,ON TIME
359,347,EL AL ISRAEL AIRLINES,2025-06-29 08:00:00,2025-06-29 08:00:00,ZURICH,SWITZERLAND,3,78-99,D,ON TIME
360,3189,SAS,2025-06-29 08:00:00,2025-06-29 08:00:00,ZURICH,SWITZERLAND,3,78-99,D,ON TIME
361,783,ISRAIR AIRLINES,2025-06-29 08:00:00,2025-06-29 08:00:00,BUDAPEST,HUNGARY,3,12-23,A,ON TIME
362,3106,ARKIA  ISRAELI  AIRLINES,2025-06-29 08:30:00,2025-06-29 08:30:00,ATHENS,GREECE,3,,,NOT FINAL
363,953,ISRAIR AIRLINES,2025-06-29 08:40:00,2025-06-29 08:40:00,ATHENS,GREECE,3,12-23,A,ON TIME
364,6465,JETBLUE AIRWAYS CORPORATION,2025-06-29 08:50:00,2025-06-29 08:50:00,BOSTON,UNITED STATES,3,78-99,D,ON TIME
365,7435,DELTA AIRLINES,2025-06-29 08:50:00,2025-06-29 08:50:00,BOSTON,UNITED STATES,3,78-99,D,ON TIME
366,1802,ARKIA  ISRAELI  AIRLINES,2025-06-29 08:50:00,2025-06-29 08:50:00,RAMON,ISRAEL,3,,,NOT FINAL
367,15,EL AL ISRAEL AIRLINES,2025-06-29 08:50:00,2025-06-29 08:50:00,BOSTON,UNITED STATES,3,78-99,D,ON TIME
368,9101,ARKIA  ISRAELI  AIRLINES,2025-06-29 09:00:00,2025-06-29 09:00:00,BUDAPEST,HUNGARY,3,34-42,B,ON TIME
369,5137,EL AL ISRAEL AIRLINES,2025-06-29 09:00:00,2025-06-29 09:00:00,LARNACA,CYPRUS,3,78-99,D,ON TIME
370,49,ISRAIR AIRLINES,2025-06-29 09:00:00,2025-06-29 09:00:00,RAMON,ISRAEL,3,G27-G31,G,ON TIME
371,4102,ARKIA  ISRAELI  AIRLINES,2025-06-29 09:05:00,2025-06-29 09:05:00,BATUMI,GEORGIA,3,,,NOT FINAL
372,873,FLYONE ARMENIA LLC,2025-06-29 09:05:00,2025-06-29 09:05:00,YEREVAN,ARMENIA,3,,,NOT FINAL
373,1603,ARKIA  ISRAELI  AIRLINES,2025-06-29 09:45:00,2025-06-29 09:45:00,DUBAI,UNITED ARAB EMIRATES,3,34-42,B,ON TIME
374,1027,EL AL ISRAEL AIRLINES,2025-06-29 09:45:00,2025-06-29 09:45:00,NEWARK,UNITED STATES,3,,,ON TIME
375,1807,ARKIA  ISRAELI  AIRLINES,2025-06-29 09:50:00,2025-06-29 09:50:00,RAMON,ISRAEL,3,G20-G25,G,ON TIME
376,7069,AIR FRANCE,2025-06-29 10:00:00,2025-06-29 10:00:00,PARIS,FRANCE,3,78-99,D,ON TIME
377,7885,AERO MEXICO,2025-06-29 10:00:00,2025-06-29 10:00:00,PARIS,FRANCE,3,78-99,D,ON TIME
378,323,EL AL ISRAEL AIRLINES,2025-06-29 10:00:00,2025-06-29 10:00:00,PARIS,FRANCE,3,78-99,D,ON TIME
379,3163,SAS,2025-06-29 10:00:00,2025-06-29 10:00:00,PARIS,FRANCE,3,78-99,D,ON TIME
380,994,ISRAIR AIRLINES,2025-06-29 10:00:00,2025-06-29 10:00:00,LARNACA,CYPRUS,3,,,NOT FINAL
381,874,FLYONE ARMENIA LLC,2025-06-29 10:05:00,2025-06-29 10:05:00,YEREVAN,ARMENIA,3,26-28,A,ON TIME
382,7863,AERO MEXICO,2025-06-29 10:10:00,2025-06-29 10:10:00,LONDON,UNITED KINGDOM,3,78-99,D,ON TIME
383,7452,DELTA AIRLINES,2025-06-29 10:10:00,2025-06-29 10:10:00,LONDON,UNITED KINGDOM,3,78-99,D,ON TIME
384,315,EL AL ISRAEL AIRLINES,2025-06-29 10:10:00,2025-06-29 10:10:00,LONDON,UNITED KINGDOM,3,78-99,D,ON TIME
385,3181,SAS,2025-06-29 10:10:00,2025-06-29 10:10:00,LONDON,UNITED KINGDOM,3,78-99,D,ON TIME
386,7493,VIRGIN ATLANTIC AIRWAYS,2025-06-29 10:10:00,2025-06-29 10:10:00,LONDON,UNITED KINGDOM,3,78-99,D,ON TIME
387,7871,AERO MEXICO,2025-06-29 10:15:00,2025-06-29 10:15:00,NEW YORK,UNITED STATES,3,78-99,D,ON TIME
388,7855,AEROLINEAS ARGENTINAS S.A.,2025-06-29 10:15:00,2025-06-29 10:15:00,NEW YORK,UNITED STATES,3,78-99,D,ON TIME
389,6455,JETBLUE AIRWAYS CORPORATION,2025-06-29 10:15:00,2025-06-29 10:15:00,NEW YORK,UNITED STATES,3,78-99,D,ON TIME
390,7430,DELTA AIRLINES,2025-06-29 10:15:00,2025-06-29 10:15:00,NEW YORK,UNITED STATES,3,78-99,D,ON TIME
391,7,EL AL ISRAEL AIRLINES,2025-06-29 10:15:00,2025-06-29 10:15:00,NEW YORK,UNITED STATES,3,78-99,D,ON TIME
392,90,EL AL ISRAEL AIRLINES,2025-06-29 10:15:00,2025-06-29 10:15:00,PHUKET,THAILAND,3,,,NOT FINAL
393,3101,ARKIA  ISRAELI  AIRLINES,2025-06-29 10:35:00,2025-06-29 10:35:00,ATHENS,GREECE,3,34-42,B,ON TIME
394,757,BLUE BIRD AIRWAYS,2025-06-29 10:40:00,2025-06-29 10:40:00,HERAKLION,GREECE,3,,,NOT FINAL
395,5101,EL AL ISRAEL AIRLINES,2025-06-29 10:50:00,2025-06-29 10:50:00,WARSAW,POLAND,3,78-99,D,ON TIME
396,593,ETIHAD AIRWAYS,2025-06-29 11:00:00,2025-06-29 11:00:00,ABU DHABI,UNITED ARAB EMIRATES,3,,,NOT FINAL
397,104,TUS AIRWAYS,2025-06-29 11:00:00,2025-06-29 11:00:00,LARNACA,CYPRUS,3,,,NOT FINAL
398,884,ISRAIR AIRLINES,2025-06-29 11:15:00,2025-06-29 11:15:00,BATUMI,GEORGIA,3,,,NOT FINAL
399,2268,EMIRATES,2025-06-29 11:30:00,2025-06-29 11:30:00,DUBAI,UNITED ARAB EMIRATES,3,,,NOT FINAL
400,1635,FLYDUBAI,2025-06-29 11:30:00,2025-06-29 11:30:00,DUBAI,UNITED ARAB EMIRATES,3,,,NOT FINAL
401,942,ISRAIR AIRLINES,2025-06-29 11:30:00,2025-06-29 11:30:00,ATHENS,GREECE,3,,,NOT FINAL
402,706,BLUE BIRD AIRWAYS,2025-06-29 11:35:00,2025-06-29 11:35:00,ATHENS,GREECE,3,53-55,B,ON TIME
403,50,ISRAIR AIRLINES,2025-06-29 11:45:00,2025-06-29 11:45:00,RAMON,ISRAEL,3,,,NOT FINAL
404,5467,EL AL ISRAEL AIRLINES,2025-06-29 11:50:00,2025-06-29 11:50:00,TIVAT,MONTENEGRO,3,78-99,D,ON TIME
405,708,BLUE BIRD AIRWAYS,2025-06-29 11:55:00,2025-06-29 11:55:00,ATHENS,GREECE,3,50-52,B,ON TIME
406,743,HAINAN AIRLINES,2025-06-29 12:00:00,2025-06-29 12:00:00,SHENZHEN,CHINA,3,,,NOT FINAL
407,5025,AZIMUTH AIRLINES,2025-06-29 12:05:00,2025-06-29 12:05:00,SOCHI,RUSSIAN FEDERATION,3,,,NOT FINAL
408,2114,FLYYO,2025-06-29 12:15:00,2025-06-29 12:15:00,LARNACA,CYPRUS,3,,,NOT FINAL
409,88,EL AL ISRAEL AIRLINES,2025-06-29 12:15:00,2025-06-29 12:15:00,BANGKOK,THAILAND,3,,,NOT FINAL
410,5138,EL AL ISRAEL AIRLINES,2025-06-29 12:15:00,2025-06-29 12:15:00,LARNACA,CYPRUS,3,,,NOT FINAL
411,549,EL AL ISRAEL AIRLINES,2025-06-29 12:15:00,2025-06-29 12:15:00,ATHENS,GREECE,3,,,CANCELED
412,360,ISRAIR AIRLINES,2025-06-29 12:15:00,2025-06-29 12:15:00,ROME,ITALY,3,,,NOT FINAL
413,1808,ARKIA  ISRAELI  AIRLINES,2025-06-29 12:20:00,2025-06-29 12:20:00,RAMON,ISRAEL,3,,,NOT FINAL
414,542,EL AL ISRAEL AIRLINES,2025-06-29 12:25:00,2025-06-29 12:25:00,ATHENS,GREECE,3,,,NOT FINAL
415,117,ISRAIR AIRLINES,2025-06-29 12:35:00,2025-06-29 12:35:00,LONDON LUTON,UNITED KINGDOM,3,12-23,A,ON TIME
416,2269,EMIRATES,2025-06-29 12:40:00,2025-06-29 12:40:00,DUBAI,UNITED ARAB EMIRATES,3,67-70,C,ON TIME
417,1636,FLYDUBAI,2025-06-29 12:40:00,2025-06-29 12:40:00,DUBAI,UNITED ARAB EMIRATES,3,67-70,C,ON TIME
418,235,HISKY EUROPE SRL,2025-06-29 12:40:00,2025-06-29 12:40:00,BUCHAREST,ROMANIA,3,,,NOT FINAL
419,5102,ARKIA  ISRAELI  AIRLINES,2025-06-29 12:40:00,2025-06-29 12:40:00,VIENNA,AUSTRIA,3,,,NOT FINAL
420,995,ISRAIR AIRLINES,2025-06-29 12:40:00,2025-06-29 12:40:00,LARNACA,CYPRUS,3,12-23,A,ON TIME
421,3450,TRANSAVIA FRANCE,2025-06-29 12:45:00,2025-06-29 12:45:00,PARIS,FRANCE,3,,,NOT FINAL
422,5221,EL AL ISRAEL AIRLINES,2025-06-29 12:50:00,2025-06-29 12:50:00,RHODES,GREECE,3,78-99,D,CANCELED
423,2073,FLYYO,2025-06-29 13:15:00,2025-06-29 13:15:00,KAUNAS,LITHUANIA,3,47-49,B,ON TIME
424,983,ISRAIR AIRLINES,2025-06-29 13:15:00,2025-06-29 13:15:00,LARNACA,CYPRUS,3,,,ON TIME
425,5026,AZIMUTH AIRLINES,2025-06-29 13:20:00,2025-06-29 13:20:00,SOCHI,RUSSIAN FEDERATION,3,61-63,C,ON TIME
426,1815,ARKIA  ISRAELI  AIRLINES,2025-06-29 13:20:00,2025-06-29 13:20:00,RAMON,ISRAEL,3,G20-G25,G,ON TIME
427,364,ARKIA  ISRAELI  AIRLINES,2025-06-29 13:25:00,2025-06-29 13:25:00,SOFIA,BULGARIA,3,,,NOT FINAL
428,744,HAINAN AIRLINES,2025-06-29 13:30:00,2025-06-29 13:30:00,SHENZHEN,CHINA,3,56-60,C,ON TIME
429,110,CYPRUS AIRWAYS,2025-06-29 13:35:00,2025-06-29 13:35:00,LARNACA,CYPRUS,3,,,NOT FINAL
430,5101,ARKIA  ISRAELI  AIRLINES,2025-06-29 13:45:00,2025-06-29 13:45:00,VIENNA,AUSTRIA,3,34-40,B,ON TIME
431,5115,EL AL ISRAEL AIRLINES,2025-06-29 13:45:00,2025-06-29 13:45:00,BATUMI,GEORGIA,3,78-99,D,ON TIME
432,3451,TRANSAVIA FRANCE,2025-06-29 13:45:00,2025-06-29 13:45:00,PARIS,FRANCE,3,42-45,B,ON TIME
433,236,HISKY EUROPE SRL,2025-06-29 13:50:00,2025-06-29 13:50:00,BUCHAREST,ROMANIA,3,64-66,C,ON TIME
434,944,ISRAIR AIRLINES,2025-06-29 13:55:00,2025-06-29 13:55:00,ATHENS,GREECE,3,,,NOT FINAL
435,2366,EL AL ISRAEL AIRLINES,2025-06-29 14:15:00,2025-06-29 14:15:00,BUDAPEST,HUNGARY,3,,,NOT FINAL
436,7876,AEROLINEAS ARGENTINAS S.A.,2025-06-29 14:25:00,2025-06-29 14:25:00,ROME,ITALY,3,,,NOT FINAL
437,363,ARKIA  ISRAELI  AIRLINES,2025-06-29 14:25:00,2025-06-29 14:25:00,SOFIA,BULGARIA,3,34-40,B,ON TIME
438,386,EL AL ISRAEL AIRLINES,2025-06-29 14:25:00,2025-06-29 14:25:00,ROME,ITALY,3,,,NOT FINAL
439,3168,SAS,2025-06-29 14:25:00,2025-06-29 14:25:00,ROME,ITALY,3,,,NOT FINAL
440,8899,AIR PORTUGAL,2025-06-29 14:25:00,2025-06-29 14:25:00,ROME,ITALY,3,,,NOT FINAL
441,255,ISRAIR AIRLINES,2025-06-29 14:40:00,2025-06-29 14:40:00,BERLIN,GERMANY,3,12-23,A,ON TIME
442,594,ETIHAD AIRWAYS,2025-06-29 14:50:00,2025-06-29 14:50:00,ABU DHABI,UNITED ARAB EMIRATES,3,28-33,A,ON TIME
443,216,EL AL ISRAEL AIRLINES,2025-06-29 14:55:00,2025-06-29 14:55:00,LONDON,UNITED KINGDOM,3,,,NOT FINAL
444,972,EL AL ISRAEL AIRLINES,2025-06-29 14:55:00,2025-06-29 14:55:00,DUBAI,UNITED ARAB EMIRATES,3,,,NOT FINAL
445,3162,SAS,2025-06-29 14:55:00,2025-06-29 14:55:00,LONDON,UNITED KINGDOM,3,,,NOT FINAL
446,7492,VIRGIN ATLANTIC AIRWAYS,2025-06-29 14:55:00,2025-06-29 14:55:00,LONDON,UNITED KINGDOM,3,,,NOT FINAL
447,111,CYPRUS AIRWAYS,2025-06-29 15:25:00,2025-06-29 15:25:00,LARNACA,CYPRUS,3,50-52,B,ON TIME
448,3102,ARKIA  ISRAELI  AIRLINES,2025-06-29 15:40:00,2025-06-29 15:40:00,ATHENS,GREECE,3,,,NOT FINAL
449,782,ISRAIR AIRLINES,2025-06-29 15:40:00,2025-06-29 15:40:00,BUDAPEST,HUNGARY,3,,,NOT FINAL
450,1816,ARKIA  ISRAELI  AIRLINES,2025-06-29 15:50:00,2025-06-29 15:50:00,RAMON,ISRAEL,3,,,NOT FINAL
451,364,ISRAIR AIRLINES,2025-06-29 15:50:00,2025-06-29 15:50:00,ROME,ITALY,3,,,NOT FINAL
452,996,ISRAIR AIRLINES,2025-06-29 15:50:00,2025-06-29 15:50:00,LARNACA,CYPRUS,3,,,NOT FINAL
453,766,ISRAIR AIRLINES,2025-06-29 15:55:00,2025-06-29 15:55:00,PRAGUE,CZECH REPUBLIC,3,,,NOT FINAL
454,7455,DELTA AIRLINES,2025-06-29 16:00:00,2025-06-29 16:00:00,FRANKFURT,GERMANY,3,,,NOT FINAL
455,7680,ATLAS GLOBAL,2025-06-29 16:00:00,2025-06-29 16:00:00,COLOGNE,GERMANY,3,,,ON TIME
456,358,EL AL ISRAEL AIRLINES,2025-06-29 16:00:00,2025-06-29 16:00:00,FRANKFURT,GERMANY,3,,,NOT FINAL
457,5141,EL AL ISRAEL AIRLINES,2025-06-29 16:00:00,2025-06-29 16:00:00,LARNACA,CYPRUS,3,78-99,D,ON TIME
458,7102,ARKIA  ISRAELI  AIRLINES,2025-06-29 16:10:00,2025-06-29 16:10:00,PARIS,FRANCE,3,,,NOT FINAL
459,7851,AERO MEXICO,2025-06-29 16:15:00,2025-06-29 16:15:00,AMSTERDAM,NETHERLANDS,3,78-99,D,ON TIME
460,2475,K.L.M.,2025-06-29 16:15:00,2025-06-29 16:15:00,AMSTERDAM,NETHERLANDS,3,78-99,D,ON TIME
461,339,EL AL ISRAEL AIRLINES,2025-06-29 16:15:00,2025-06-29 16:15:00,AMSTERDAM,NETHERLANDS,3,78-99,D,ON TIME
462,3151,SAS,2025-06-29 16:15:00,2025-06-29 16:15:00,AMSTERDAM,NETHERLANDS,3,78-99,D,ON TIME
463,7068,AIR FRANCE,2025-06-29 16:35:00,2025-06-29 16:35:00,PARIS,FRANCE,3,,,NOT FINAL
464,7898,AERO MEXICO,2025-06-29 16:35:00,2025-06-29 16:35:00,PARIS,FRANCE,3,,,NOT FINAL
465,312,EL AL ISRAEL AIRLINES,2025-06-29 16:35:00,2025-06-29 16:35:00,LONDON LUTON,UNITED KINGDOM,3,,,NOT FINAL
466,320,EL AL ISRAEL AIRLINES,2025-06-29 16:35:00,2025-06-29 16:35:00,PARIS,FRANCE,3,,,NOT FINAL
467,343,EL AL ISRAEL AIRLINES,2025-06-29 16:35:00,2025-06-29 16:35:00,ZURICH,SWITZERLAND,3,78-99,D,ON TIME
468,3164,SAS,2025-06-29 16:35:00,2025-06-29 16:35:00,PARIS,FRANCE,3,,,NOT FINAL
469,3191,SAS,2025-06-29 16:35:00,2025-06-29 16:35:00,ZURICH,SWITZERLAND,3,78-99,D,ON TIME
470,705,BLUE BIRD AIRWAYS,2025-06-29 16:40:00,2025-06-29 16:40:00,ATHENS,GREECE,3,,,NOT FINAL
471,1821,ARKIA  ISRAELI  AIRLINES,2025-06-29 16:50:00,2025-06-29 16:50:00,RAMON,ISRAEL,3,G20-G25,G,ON TIME
472,382,EL AL ISRAEL AIRLINES,2025-06-29 16:50:00,2025-06-29 16:50:00,MILAN,ITALY,3,,,NOT FINAL
473,3184,SAS,2025-06-29 16:50:00,2025-06-29 16:50:00,MILAN,ITALY,3,,,NOT FINAL
474,7859,AERO MEXICO,2025-06-29 16:55:00,2025-06-29 16:55:00,MADRID,SPAIN,3,,,NOT FINAL
475,7872,AEROLINEAS ARGENTINAS S.A.,2025-06-29 16:55:00,2025-06-29 16:55:00,MADRID,SPAIN,3,,,NOT FINAL
476,7715,IBERIA,2025-06-29 16:55:00,2025-06-29 16:55:00,MADRID,SPAIN,3,,,NOT FINAL
477,396,EL AL ISRAEL AIRLINES,2025-06-29 16:55:00,2025-06-29 16:55:00,MADRID,SPAIN,3,,,NOT FINAL
478,785,ISRAIR AIRLINES,2025-06-29 16:55:00,2025-06-29 16:55:00,BUDAPEST,HUNGARY,3,12-23,A,ON TIME
479,7877,AERO MEXICO,2025-06-29 17:00:00,2025-06-29 17:00:00,LONDON,UNITED KINGDOM,3,78-99,D,ON TIME
480,707,BLUE BIRD AIRWAYS,2025-06-29 17:00:00,2025-06-29 17:00:00,ATHENS,GREECE,3,,,NOT FINAL
481,9102,ARKIA  ISRAELI  AIRLINES,2025-06-29 17:00:00,2025-06-29 17:00:00,BUDAPEST,HUNGARY,3,,,NOT FINAL
482,317,EL AL ISRAEL AIRLINES,2025-06-29 17:00:00,2025-06-29 17:00:00,LONDON,UNITED KINGDOM,3,78-99,D,ON TIME
483,7495,VIRGIN ATLANTIC AIRWAYS,2025-06-29 17:00:00,2025-06-29 17:00:00,LONDON,UNITED KINGDOM,3,78-99,D,ON TIME
484,713,ISRAIR AIRLINES,2025-06-29 17:00:00,2025-06-29 17:00:00,VARNA,BULGARIA,3,12-23,A,ON TIME
485,2101,ARKIA  ISRAELI  AIRLINES,2025-06-29 17:10:00,2025-06-29 17:10:00,LARNACA,CYPRUS,3,34-37,B,ON TIME
486,945,ISRAIR AIRLINES,2025-06-29 17:10:00,2025-06-29 17:10:00,ATHENS,GREECE,3,12-23,A,ON TIME
487,7856,AERO MEXICO,2025-06-29 17:15:00,2025-06-29 17:15:00,NEW YORK,UNITED STATES,3,,,NOT FINAL
488,7866,AERO MEXICO,2025-06-29 17:15:00,2025-06-29 17:15:00,MADRID,SPAIN,3,78-99,D,ON TIME
489,7856,AEROLINEAS ARGENTINAS S.A.,2025-06-29 17:15:00,2025-06-29 17:15:00,NEW YORK,UNITED STATES,3,,,NOT FINAL
490,7873,AEROLINEAS ARGENTINAS S.A.,2025-06-29 17:15:00,2025-06-29 17:15:00,MADRID,SPAIN,3,78-99,D,ON TIME
491,6456,JETBLUE AIRWAYS CORPORATION,2025-06-29 17:15:00,2025-06-29 17:15:00,NEW YORK,UNITED STATES,3,,,NOT FINAL
492,7431,DELTA AIRLINES,2025-06-29 17:15:00,2025-06-29 17:15:00,NEW YORK,UNITED STATES,3,,,NOT FINAL
493,7716,IBERIA,2025-06-29 17:15:00,2025-06-29 17:15:00,MADRID,SPAIN,3,78-99,D,ON TIME
494,2472,K.L.M.,2025-06-29 17:15:00,2025-06-29 17:15:00,AMSTERDAM,NETHERLANDS,3,,,NOT FINAL
495,8,EL AL ISRAEL AIRLINES,2025-06-29 17:15:00,2025-06-29 17:15:00,NEW YORK,UNITED STATES,3,,,NOT FINAL
496,338,EL AL ISRAEL AIRLINES,2025-06-29 17:15:00,2025-06-29 17:15:00,AMSTERDAM,NETHERLANDS,3,,,NOT FINAL
497,397,EL AL ISRAEL AIRLINES,2025-06-29 17:15:00,2025-06-29 17:15:00,MADRID,SPAIN,3,78-99,D,ON TIME
498,545,EL AL ISRAEL AIRLINES,2025-06-29 17:15:00,2025-06-29 17:15:00,ATHENS,GREECE,3,78-99,D,ON TIME
499,3150,SAS,2025-06-29 17:15:00,2025-06-29 17:15:00,AMSTERDAM,NETHERLANDS,3,,,NOT FINAL
500,6482,JETBLUE AIRWAYS CORPORATION,2025-06-29 17:20:00,2025-06-29 17:20:00,NEWARK,UNITED STATES,3,,,NOT FINAL
501,7442,DELTA AIRLINES,2025-06-29 17:20:00,2025-06-29 17:20:00,NEWARK,UNITED STATES,3,,,NOT FINAL
502,26,EL AL ISRAEL AIRLINES,2025-06-29 17:20:00,2025-06-29 17:20:00,NEWARK,UNITED STATES,3,,,NOT FINAL
503,5141,EL AL ISRAEL AIRLINES,2025-06-29 17:20:00,2025-06-29 17:20:00,LARNACA,CYPRUS,3,,,ON TIME
504,825,ISRAIR AIRLINES,2025-06-29 17:20:00,2025-06-29 17:20:00,VILNIUS,LITHUANIA,3,12-23,A,ON TIME
505,348,EL AL ISRAEL AIRLINES,2025-06-29 17:25:00,2025-06-29 17:25:00,ZURICH,SWITZERLAND,3,,,NOT FINAL
506,3188,SAS,2025-06-29 17:25:00,2025-06-29 17:25:00,ZURICH,SWITZERLAND,3,,,NOT FINAL
507,363,EL AL ISRAEL AIRLINES,2025-06-29 17:30:00,2025-06-29 17:30:00,VIENNA,AUSTRIA,3,78-99,D,ON TIME
508,756,BLUE BIRD AIRWAYS,2025-06-29 17:35:00,2025-06-29 17:35:00,HERAKLION,GREECE,3,53-55,B,ON TIME
509,2523,EL AL ISRAEL AIRLINES,2025-06-29 17:55:00,2025-06-29 17:55:00,PRAGUE,CZECH REPUBLIC,3,,,ON TIME
510,107,TUS AIRWAYS,2025-06-29 17:55:00,2025-06-29 17:55:00,LARNACA,CYPRUS,3,49-52,B,ON TIME
511,7879,AEROLINEAS ARGENTINAS S.A.,2025-06-29 18:00:00,2025-06-29 18:00:00,ROME,ITALY,3,78-99,D,ON TIME
512,383,EL AL ISRAEL AIRLINES,2025-06-29 18:00:00,2025-06-29 18:00:00,ROME,ITALY,3,78-99,D,ON TIME
513,3169,SAS,2025-06-29 18:00:00,2025-06-29 18:00:00,ROME,ITALY,3,78-99,D,ON TIME
514,8900,AIR PORTUGAL,2025-06-29 18:00:00,2025-06-29 18:00:00,ROME,ITALY,3,78-99,D,ON TIME
515,540,EL AL ISRAEL AIRLINES,2025-06-29 18:05:00,2025-06-29 18:05:00,ATHENS,GREECE,3,,,NOT FINAL
516,24,EL AL ISRAEL AIRLINES,2025-06-29 18:15:00,2025-06-29 18:15:00,NEWARK,UNITED STATES,3,,,NOT FINAL
517,2470,EMIRATES,2025-06-29 18:25:00,2025-06-29 18:25:00,DUBAI,UNITED ARAB EMIRATES,3,,,NOT FINAL
518,1125,FLYDUBAI,2025-06-29 18:25:00,2025-06-29 18:25:00,DUBAI,UNITED ARAB EMIRATES,3,,,NOT FINAL
519,387,EL AL ISRAEL AIRLINES,2025-06-29 18:30:00,2025-06-29 18:30:00,MILAN,ITALY,3,78-99,D,ON TIME
520,3183,SAS,2025-06-29 18:30:00,2025-06-29 18:30:00,MILAN,ITALY,3,78-99,D,ON TIME
521,8912,AIR PORTUGAL,2025-06-29 18:30:00,2025-06-29 18:30:00,MILAN,ITALY,3,78-99,D,ON TIME
522,8938,AIR PORTUGAL,2025-06-29 18:30:00,2025-06-29 18:30:00,MILAN,ITALY,3,78-99,D,ON TIME
523,6175,AIR FRANCE,2025-06-29 18:35:00,2025-06-29 18:35:00,PARIS,FRANCE,3,,,NOT FINAL
524,7896,AERO MEXICO,2025-06-29 18:35:00,2025-06-29 18:35:00,PARIS,FRANCE,3,,,NOT FINAL
525,222,EL AL ISRAEL AIRLINES,2025-06-29 18:35:00,2025-06-29 18:35:00,PARIS,FRANCE,3,,,NOT FINAL
526,5468,EL AL ISRAEL AIRLINES,2025-06-29 18:35:00,2025-06-29 18:35:00,TIVAT,MONTENEGRO,3,,,NOT FINAL
527,571,EL AL ISRAEL AIRLINES,2025-06-29 18:35:00,2025-06-29 18:35:00,BUCHAREST,ROMANIA,3,78-99,D,ON TIME
528,1604,ARKIA  ISRAELI  AIRLINES,2025-06-29 18:45:00,2025-06-29 18:45:00,DUBAI,UNITED ARAB EMIRATES,3,,,NOT FINAL
529,7071,AIR FRANCE,2025-06-29 19:15:00,2025-06-29 19:15:00,PARIS,FRANCE,3,78-99,D,ON TIME
530,7853,AERO MEXICO,2025-06-29 19:15:00,2025-06-29 19:15:00,PARIS,FRANCE,3,78-99,D,ON TIME
531,7865,AERO MEXICO,2025-06-29 19:15:00,2025-06-29 19:15:00,NEW YORK,UNITED STATES,3,78-99,D,ON TIME
532,7857,AEROLINEAS ARGENTINAS S.A.,2025-06-29 19:15:00,2025-06-29 19:15:00,NEW YORK,UNITED STATES,3,78-99,D,ON TIME
533,6457,JETBLUE AIRWAYS CORPORATION,2025-06-29 19:15:00,2025-06-29 19:15:00,NEW YORK,UNITED STATES,3,78-99,D,ON TIME
534,7432,DELTA AIRLINES,2025-06-29 19:15:00,2025-06-29 19:15:00,NEW YORK,UNITED STATES,3,78-99,D,ON TIME
535,994,ARKIA  ISRAELI  AIRLINES,2025-06-29 19:15:00,2025-06-29 19:15:00,NEW YORK,UNITED STATES,3,,,NOT FINAL
536,11,EL AL ISRAEL AIRLINES,2025-06-29 19:15:00,2025-06-29 19:15:00,NEW YORK,UNITED STATES,3,78-99,D,ON TIME
537,325,EL AL ISRAEL AIRLINES,2025-06-29 19:15:00,2025-06-29 19:15:00,PARIS,FRANCE,3,78-99,D,ON TIME
538,5142,EL AL ISRAEL AIRLINES,2025-06-29 19:15:00,2025-06-29 19:15:00,LARNACA,CYPRUS,3,,,NOT FINAL
539,1822,ARKIA  ISRAELI  AIRLINES,2025-06-29 19:20:00,2025-06-29 19:20:00,RAMON,ISRAEL,3,,,NOT FINAL
540,5116,EL AL ISRAEL AIRLINES,2025-06-29 19:20:00,2025-06-29 19:20:00,BATUMI,GEORGIA,3,,,NOT FINAL
541,5102,EL AL ISRAEL AIRLINES,2025-06-29 19:25:00,2025-06-29 19:25:00,WARSAW,POLAND,3,,,NOT FINAL
542,543,EL AL ISRAEL AIRLINES,2025-06-29 19:30:00,2025-06-29 19:30:00,ATHENS,GREECE,3,78-99,D,ON TIME
543,6460,JETBLUE AIRWAYS CORPORATION,2025-06-29 19:50:00,2025-06-29 19:50:00,NEW YORK,UNITED STATES,3,,,NOT FINAL
544,7433,DELTA AIRLINES,2025-06-29 19:50:00,2025-06-29 19:50:00,NEW YORK,UNITED STATES,3,,,NOT FINAL
545,14,EL AL ISRAEL AIRLINES,2025-06-29 19:50:00,2025-06-29 19:50:00,NEW YORK,UNITED STATES,3,,,NOT FINAL
546,2471,EMIRATES,2025-06-29 19:55:00,2025-06-29 19:55:00,DUBAI,UNITED ARAB EMIRATES,3,34-37,B,ON TIME
547,1126,FLYDUBAI,2025-06-29 19:55:00,2025-06-29 19:55:00,DUBAI,UNITED ARAB EMIRATES,3,34-37,B,ON TIME
548,2367,EL AL ISRAEL AIRLINES,2025-06-29 20:00:00,2025-06-29 20:00:00,BUDAPEST,HUNGARY,3,,,ON TIME
549,5245,EL AL ISRAEL AIRLINES,2025-06-29 20:05:00,2025-06-29 20:05:00,THESSALONIKI,GREECE,3,,,ON TIME
550,2102,ARKIA  ISRAELI  AIRLINES,2025-06-29 20:10:00,2025-06-29 20:10:00,LARNACA,CYPRUS,3,,,NOT FINAL
551,5133,EL AL ISRAEL AIRLINES,2025-06-29 20:30:00,2025-06-29 20:30:00,LARNACA,CYPRUS,3,78-99,D,ON TIME
552,947,ISRAIR AIRLINES,2025-06-29 20:35:00,2025-06-29 20:35:00,ATHENS,GREECE,3,12-15,A,ON TIME
553,7862,AERO MEXICO,2025-06-29 20:55:00,2025-06-29 20:55:00,PARIS,FRANCE,3,,,NOT FINAL
554,324,EL AL ISRAEL AIRLINES,2025-06-29 20:55:00,2025-06-29 20:55:00,PARIS,FRANCE,3,,,NOT FINAL
555,3160,SAS,2025-06-29 20:55:00,2025-06-29 20:55:00,PARIS,FRANCE,3,,,NOT FINAL
556,5109,EL AL ISRAEL AIRLINES,2025-06-29 21:00:00,2025-06-29 21:00:00,TBILISI,GEORGIA,3,78-99,D,ON TIME
557,5142,EL AL ISRAEL AIRLINES,2025-06-29 21:10:00,2025-06-29 21:10:00,LARNACA,CYPRUS,3,,,NOT FINAL
558,809,FLYONE ROMANIA,2025-06-29 21:20:00,2025-06-29 21:20:00,BUCHAREST,ROMANIA,3,,,NOT FINAL
559,457,HISKY,2025-06-29 21:55:00,2025-06-29 21:55:00,CHISINAU,MOLDOVA,3,,,NOT FINAL
560,7453,DELTA AIRLINES,2025-06-29 22:00:00,2025-06-29 22:00:00,LONDON,UNITED KINGDOM,3,,,NOT FINAL
561,316,EL AL ISRAEL AIRLINES,2025-06-29 22:00:00,2025-06-29 22:00:00,LONDON,UNITED KINGDOM,3,,,NOT FINAL
562,3176,SAS,2025-06-29 22:00:00,2025-06-29 22:00:00,LONDON,UNITED KINGDOM,3,,,NOT FINAL
563,7494,VIRGIN ATLANTIC AIRWAYS,2025-06-29 22:00:00,2025-06-29 22:00:00,LONDON,UNITED KINGDOM,3,,,NOT FINAL
564,5133,EL AL ISRAEL AIRLINES,2025-06-29 22:15:00,2025-06-29 22:15:00,LARNACA,CYPRUS,3,,,ON TIME
565,81,EL AL ISRAEL AIRLINES,2025-06-29 22:20:00,2025-06-29 22:20:00,BANGKOK,THAILAND,3,78-99,D,ON TIME
566,810,FLYONE ROMANIA,2025-06-29 22:20:00,2025-06-29 22:20:00,BUCHAREST,ROMANIA,3,28-33,A,ON TIME
567,5020,QANTAS AIRWAYS,2025-06-29 22:20:00,2025-06-29 22:20:00,BANGKOK,THAILAND,3,78-99,D,ON TIME
568,4584,THAI AIRWAYS,2025-06-29 22:20:00,2025-06-29 22:20:00,BANGKOK,THAILAND,3,78-99,D,ON TIME
569,3298,VIETNAM AIRLINES,2025-06-29 22:20:00,2025-06-29 22:20:00,BANGKOK,THAILAND,3,78-99,D,ON TIME
570,946,ISRAIR AIRLINES,2025-06-29 22:25:00,2025-06-29 22:25:00,ATHENS,GREECE,3,,,NOT FINAL
571,546,EL AL ISRAEL AIRLINES,2025-06-29 22:35:00,2025-06-29 22:35:00,ATHENS,GREECE,3,,,NOT FINAL
572,2450,EMIRATES,2025-06-29 22:40:00,2025-06-29 22:40:00,DUBAI,UNITED ARAB EMIRATES,3,,,NOT FINAL
573,1625,FLYDUBAI,2025-06-29 22:40:00,2025-06-29 22:40:00,DUBAI,UNITED ARAB EMIRATES,3,,,NOT FINAL
574,714,ISRAIR AIRLINES,2025-06-29 22:45:00,2025-06-29 22:45:00,VARNA,BULGARIA,3,,,NOT FINAL
575,2153,TAROM - ROMANIAN AIR TRANSPORT,2025-06-29 23:20:00,2025-06-29 23:20:00,BUCHAREST,ROMANIA,3,,,NOT FINAL
576,2345,EMIRATES,2025-06-29 23:35:00,2025-06-29 23:35:00,DUBAI,UNITED ARAB EMIRATES,3,,,NOT FINAL
577,1807,FLYDUBAI,2025-06-29 23:35:00,2025-06-29 23:35:00,DUBAI,UNITED ARAB EMIRATES,3,,,NOT FINAL
578,458,HISKY,2025-06-29 23:35:00,2025-06-29 23:35:00,CHISINAU,MOLDOVA,3,53-55,B,ON TIME
579,1106,EL AL ISRAEL AIRLINES,2025-06-29 23:35:00,2025-06-29 23:35:00,LOS ANGELES,UNITED STATES,3,,,NOT FINAL
580,2074,FLYYO,2025-06-29 23:45:00,2025-06-29 23:45:00,KAUNAS,LITHUANIA,3,,,NOT FINAL
581,5134,EL AL ISRAEL AIRLINES,2025-06-29 23:45:00,2025-06-29 23:45:00,LARNACA,CYPRUS,3,,,NOT FINAL
582,2451,EMIRATES,2025-06-29 23:50:00,2025-06-29 23:50:00,DUBAI,UNITED ARAB EMIRATES,3,34-39,B,ON TIME
583,1626,FLYDUBAI,2025-06-29 23:50:00,2025-06-29 23:50:00,DUBAI,UNITED ARAB EMIRATES,3,34-39,B,ON TIME
584,118,ISRAIR AIRLINES,2025-06-29 23:55:00,2025-06-29 23:55:00,LONDON LUTON,UNITED KINGDOM,3,,,NOT FINAL
585,5245,EL AL ISRAEL AIRLINES,2025-06-30 00:05:00,2025-06-30 00:05:00,THESSALONIKI,GREECE,3,,,ON TIME
586,256,ISRAIR AIRLINES,2025-06-30 00:05:00,2025-06-30 00:05:00,BERLIN,GERMANY,3,,,NOT FINAL
587,84,EL AL ISRAEL AIRLINES,2025-06-30 00:10:00,2025-06-30 00:10:00,BANGKOK,THAILAND,3,,,NOT FINAL
588,5019,QANTAS AIRWAYS,2025-06-30 00:10:00,2025-06-30 00:10:00,BANGKOK,THAILAND,3,,,NOT FINAL
589,4585,THAI AIRWAYS,2025-06-30 00:10:00,2025-06-30 00:10:00,BANGKOK,THAILAND,3,,,NOT FINAL
590,3295,VIETNAM AIRLINES,2025-06-30 00:10:00,2025-06-30 00:10:00,BANGKOK,THAILAND,3,,,NOT FINAL
591,2154,TAROM - ROMANIAN AIR TRANSPORT,2025-06-30 00:20:00,2025-06-30 00:20:00,BUCHAREST,ROMANIA,3,50-52,B,ON TIME
592,6483,JETBLUE AIRWAYS CORPORATION,2025-06-30 00:30:00,2025-06-30 00:30:00,NEWARK,UNITED STATES,3,78-99,D,ON TIME
593,7443,DELTA AIRLINES,2025-06-30 00:30:00,2025-06-30 00:30:00,NEWARK,UNITED STATES,3,78-99,D,ON TIME
594,27,EL AL ISRAEL AIRLINES,2025-06-30 00:30:00,2025-06-30 00:30:00,NEWARK,UNITED STATES,3,78-99,D,ON TIME
595,786,ISRAIR AIRLINES,2025-06-30 00:35:00,2025-06-30 00:35:00,BUDAPEST,HUNGARY,3,,,NOT FINAL
596,2113,FLYYO,2025-06-30 00:45:00,2025-06-30 00:45:00,LARNACA,CYPRUS,3,,,ON TIME
597,2346,EMIRATES,2025-06-30 00:50:00,2025-06-30 00:50:00,DUBAI,UNITED ARAB EMIRATES,3,34-39,B,ON TIME
598,1808,FLYDUBAI,2025-06-30 00:50:00,2025-06-30 00:50:00,DUBAI,UNITED ARAB EMIRATES,3,34-39,B,ON TIME
599,544,EL AL ISRAEL AIRLINES,2025-06-30 00:50:00,2025-06-30 00:50:00,ATHENS,GREECE,3,,,NOT FINAL
600,83,EL AL ISRAEL AIRLINES,2025-06-30 00:55:00,2025-06-30 00:55:00,BANGKOK,THAILAND,3,78-99,D,ON TIME
601,572,EL AL ISRAEL AIRLINES,2025-06-30 00:55:00,2025-06-30 00:55:00,BUCHAREST,ROMANIA,3,,,NOT FINAL
602,5018,QANTAS AIRWAYS,2025-06-30 00:55:00,2025-06-30 00:55:00,BANGKOK,THAILAND,3,78-99,D,ON TIME
603,4586,THAI AIRWAYS,2025-06-30 00:55:00,2025-06-30 00:55:00,BANGKOK,THAILAND,3,78-99,D,ON TIME
604,7869,AERO MEXICO,2025-06-30 01:00:00,2025-06-30 01:00:00,NEW YORK,UNITED STATES,3,78-99,D,ON TIME
605,7853,AEROLINEAS ARGENTINAS S.A.,2025-06-30 01:00:00,2025-06-30 01:00:00,NEW YORK,UNITED STATES,3,78-99,D,ON TIME
606,6451,JETBLUE AIRWAYS CORPORATION,2025-06-30 01:00:00,2025-06-30 01:00:00,NEW YORK,UNITED STATES,3,78-99,D,ON TIME
607,7424,DELTA AIRLINES,2025-06-30 01:00:00,2025-06-30 01:00:00,NEW YORK,UNITED STATES,3,78-99,D,ON TIME
608,1,EL AL ISRAEL AIRLINES,2025-06-30 01:00:00,2025-06-30 01:00:00,NEW YORK,UNITED STATES,3,78-99,D,ON TIME
609,7875,AERO MEXICO,2025-06-30 01:05:00,2025-06-30 01:05:00,LOS ANGELES,UNITED STATES,3,78-99,D,ON TIME
610,6461,JETBLUE AIRWAYS CORPORATION,2025-06-30 01:05:00,2025-06-30 01:05:00,LOS ANGELES,UNITED STATES,3,78-99,D,ON TIME
611,7428,DELTA AIRLINES,2025-06-30 01:05:00,2025-06-30 01:05:00,LOS ANGELES,UNITED STATES,3,78-99,D,ON TIME
612,5,EL AL ISRAEL AIRLINES,2025-06-30 01:05:00,2025-06-30 01:05:00,LOS ANGELES,UNITED STATES,3,78-99,D,ON TIME
613,6481,JETBLUE AIRWAYS CORPORATION,2025-06-30 01:20:00,2025-06-30 01:20:00,NEWARK,UNITED STATES,3,78-99,D,ON TIME
614,7441,DELTA AIRLINES,2025-06-30 01:20:00,2025-06-30 01:20:00,NEWARK,UNITED STATES,3,78-99,D,ON TIME
615,25,EL AL ISRAEL AIRLINES,2025-06-30 01:20:00,2025-06-30 01:20:00,NEWARK,UNITED STATES,3,78-99,D,ON TIME
616,948,ISRAIR AIRLINES,2025-06-30 01:50:00,2025-06-30 01:50:00,ATHENS,GREECE,3,,,NOT FINAL
617,364,EL AL ISRAEL AIRLINES,2025-06-30 02:00:00,2025-06-30 02:00:00,VIENNA,AUSTRIA,3,,,NOT FINAL
618,5246,EL AL ISRAEL AIRLINES,2025-06-30 02:00:00,2025-06-30 02:00:00,THESSALONIKI,GREECE,3,,,NOT FINAL
619,7874,AEROLINEAS ARGENTINAS S.A.,2025-06-30 02:10:00,2025-06-30 02:10:00,ROME,ITALY,3,,,NOT FINAL
620,344,EL AL ISRAEL AIRLINES,2025-06-30 02:10:00,2025-06-30 02:10:00,ZURICH,SWITZERLAND,3,,,NOT FINAL
621,384,EL AL ISRAEL AIRLINES,2025-06-30 02:10:00,2025-06-30 02:10:00,ROME,ITALY,3,,,NOT FINAL
622,3166,SAS,2025-06-30 02:10:00,2025-06-30 02:10:00,ROME,ITALY,3,,,NOT FINAL
623,3190,SAS,2025-06-30 02:10:00,2025-06-30 02:10:00,ZURICH,SWITZERLAND,3,,,NOT FINAL
624,8897,AIR PORTUGAL,2025-06-30 02:10:00,2025-06-30 02:10:00,ROME,ITALY,3,,,NOT FINAL
625,5131,EL AL ISRAEL AIRLINES,2025-06-30 02:50:00,2025-06-30 02:50:00,LARNACA,CYPRUS,3,,,ON TIME
626,2524,EL AL ISRAEL AIRLINES,2025-06-30 03:05:00,2025-06-30 03:05:00,PRAGUE,CZECH REPUBLIC,3,,,NOT FINAL
627,7850,AERO MEXICO,2025-06-30 03:10:00,2025-06-30 03:10:00,AMSTERDAM,NETHERLANDS,3,,,NOT FINAL
628,2474,K.L.M.,2025-06-30 03:10:00,2025-06-30 03:10:00,AMSTERDAM,NETHERLANDS,3,,,NOT FINAL
629,336,EL AL ISRAEL AIRLINES,2025-06-30 03:10:00,2025-06-30 03:10:00,AMSTERDAM,NETHERLANDS,3,,,NOT FINAL
630,3152,SAS,2025-06-30 03:10:00,2025-06-30 03:10:00,AMSTERDAM,NETHERLANDS,3,,,NOT FINAL
631,5110,EL AL ISRAEL AIRLINES,2025-06-30 03:20:00,2025-06-30 03:20:00,TBILISI,GEORGIA,3,,,NOT FINAL
632,826,ISRAIR AIRLINES,2025-06-30 03:25:00,2025-06-30 03:25:00,VILNIUS,LITHUANIA,3,,,NOT FINAL
633,2368,EL AL ISRAEL AIRLINES,2025-06-30 03:40:00,2025-06-30 03:40:00,BUDAPEST,HUNGARY,3,,,NOT FINAL
634,388,EL AL ISRAEL AIRLINES,2025-06-30 03:40:00,2025-06-30 03:40:00,MILAN,ITALY,3,,,NOT FINAL
635,3180,SAS,2025-06-30 03:40:00,2025-06-30 03:40:00,MILAN,ITALY,3,,,NOT FINAL
636,8901,AIR PORTUGAL,2025-06-30 03:40:00,2025-06-30 03:40:00,MILAN,ITALY,3,,,NOT FINAL
637,7865,AEROLINEAS ARGENTINAS S.A.,2025-06-30 03:50:00,2025-06-30 03:50:00,NEW YORK,UNITED STATES,3,,,NOT FINAL
638,6454,JETBLUE AIRWAYS CORPORATION,2025-06-30 03:50:00,2025-06-30 03:50:00,NEW YORK,UNITED STATES,3,,,NOT FINAL
639,7427,DELTA AIRLINES,2025-06-30 03:50:00,2025-06-30 03:50:00,NEW YORK,UNITED STATES,3,,,NOT FINAL
640,4,EL AL ISRAEL AIRLINES,2025-06-30 03:50:00,2025-06-30 03:50:00,NEW YORK,UNITED STATES,3,,,NOT FINAL
641,7878,AERO MEXICO,2025-06-30 04:25:00,2025-06-30 04:25:00,MADRID,SPAIN,3,,,NOT FINAL
642,7870,AEROLINEAS ARGENTINAS S.A.,2025-06-30 04:25:00,2025-06-30 04:25:00,MADRID,SPAIN,3,,,NOT FINAL
643,7717,IBERIA,2025-06-30 04:25:00,2025-06-30 04:25:00,MADRID,SPAIN,3,,,NOT FINAL
644,398,EL AL ISRAEL AIRLINES,2025-06-30 04:25:00,2025-06-30 04:25:00,MADRID,SPAIN,3,,,NOT FINAL
645,1286,SMARTWINGS,2025-06-30 04:35:00,2025-06-30 04:35:00,PRAGUE,CZECH REPUBLIC,3,,,NOT FINAL
646,311,EL AL ISRAEL AIRLINES,2025-06-30 05:00:00,2025-06-30 05:00:00,LONDON LUTON,UNITED KINGDOM,3,,,ON TIME
647,7876,AERO MEXICO,2025-06-30 05:05:00,2025-06-30 05:05:00,LONDON,UNITED KINGDOM,3,,,NOT FINAL
648,318,EL AL ISRAEL AIRLINES,2025-06-30 05:05:00,2025-06-30 05:05:00,LONDON,UNITED KINGDOM,3,,,NOT FINAL
649,3174,SAS,2025-06-30 05:05:00,2025-06-30 05:05:00,LONDON,UNITED KINGDOM,3,,,NOT FINAL
650,7496,VIRGIN ATLANTIC AIRWAYS,2025-06-30 05:05:00,2025-06-30 05:05:00,LONDON,UNITED KINGDOM,3,,,NOT FINAL
651,7879,AERO MEXICO,2025-06-30 05:30:00,2025-06-30 05:30:00,MADRID,SPAIN,3,,,ON TIME
652,7871,AEROLINEAS ARGENTINAS S.A.,2025-06-30 05:30:00,2025-06-30 05:30:00,MADRID,SPAIN,3,,,ON TIME
653,7714,IBERIA,2025-06-30 05:30:00,2025-06-30 05:30:00,MADRID,SPAIN,3,,,ON TIME
654,395,EL AL ISRAEL AIRLINES,2025-06-30 05:30:00,2025-06-30 05:30:00,MADRID,SPAIN,3,,,ON TIME
655,5107,EL AL ISRAEL AIRLINES,2025-06-30 05:30:00,2025-06-30 05:30:00,TBILISI,GEORGIA,3,,,ON TIME
656,1287,SMARTWINGS,2025-06-30 05:35:00,2025-06-30 05:35:00,PRAGUE,CZECH REPUBLIC,3,,,ON TIME
657,7067,AIR FRANCE,2025-06-30 05:40:00,2025-06-30 05:40:00,PARIS,FRANCE,3,,,ON TIME
658,7867,AERO MEXICO,2025-06-30 05:40:00,2025-06-30 05:40:00,PARIS,FRANCE,3,,,ON TIME
659,319,EL AL ISRAEL AIRLINES,2025-06-30 05:40:00,2025-06-30 05:40:00,PARIS,FRANCE,3,,,ON TIME
660,3161,SAS,2025-06-30 05:40:00,2025-06-30 05:40:00,PARIS,FRANCE,3,,,ON TIME
661,595,ETIHAD AIRWAYS,2025-06-30 05:50:00,2025-06-30 05:50:00,ABU DHABI,UNITED ARAB EMIRATES,3,,,NOT FINAL
662,6489,JETBLUE AIRWAYS CORPORATION,2025-06-30 05:55:00,2025-06-30 05:55:00,NEW YORK,UNITED STATES,3,,,ON TIME
663,7446,DELTA AIRLINES,2025-06-30 05:55:00,2025-06-30 05:55:00,NEW YORK,UNITED STATES,3,,,ON TIME
664,9,EL AL ISRAEL AIRLINES,2025-06-30 05:55:00,2025-06-30 05:55:00,NEW YORK,UNITED STATES,3,,,ON TIME
665,220,EL AL ISRAEL AIRLINES,2025-06-30 06:00:00,2025-06-30 06:00:00,PARIS,FRANCE,3,,,NOT FINAL
666,5107,EL AL ISRAEL AIRLINES,2025-06-30 06:00:00,2025-06-30 06:00:00,TBILISI,GEORGIA,3,,,ON TIME
667,5246,EL AL ISRAEL AIRLINES,2025-06-30 06:00:00,2025-06-30 06:00:00,THESSALONIKI,GREECE,3,,,NOT FINAL
668,7877,AEROLINEAS ARGENTINAS S.A.,2025-06-30 06:05:00,2025-06-30 06:05:00,ROME,ITALY,3,,,ON TIME
669,385,EL AL ISRAEL AIRLINES,2025-06-30 06:05:00,2025-06-30 06:05:00,ROME,ITALY,3,,,ON TIME
670,3167,SAS,2025-06-30 06:05:00,2025-06-30 06:05:00,ROME,ITALY,3,,,ON TIME
671,8898,AIR PORTUGAL,2025-06-30 06:05:00,2025-06-30 06:05:00,ROME,ITALY,3,,,ON TIME
672,7864,AERO MEXICO,2025-06-30 06:10:00,2025-06-30 06:10:00,AMSTERDAM,NETHERLANDS,3,,,ON TIME
673,7454,DELTA AIRLINES,2025-06-30 06:10:00,2025-06-30 06:10:00,FRANKFURT,GERMANY,3,,,ON TIME
674,2473,K.L.M.,2025-06-30 06:10:00,2025-06-30 06:10:00,AMSTERDAM,NETHERLANDS,3,,,ON TIME
675,337,EL AL ISRAEL AIRLINES,2025-06-30 06:10:00,2025-06-30 06:10:00,AMSTERDAM,NETHERLANDS,3,,,ON TIME
676,345,EL AL ISRAEL AIRLINES,2025-06-30 06:10:00,2025-06-30 06:10:00,GENEVA,SWITZERLAND,3,,,ON TIME
677,357,EL AL ISRAEL AIRLINES,2025-06-30 06:10:00,2025-06-30 06:10:00,FRANKFURT,GERMANY,3,,,ON TIME
678,3155,SAS,2025-06-30 06:10:00,2025-06-30 06:10:00,AMSTERDAM,NETHERLANDS,3,,,ON TIME
679,5132,EL AL ISRAEL AIRLINES,2025-06-30 06:15:00,2025-06-30 06:15:00,LARNACA,CYPRUS,3,,,NOT FINAL
680,1801,ARKIA  ISRAELI  AIRLINES,2025-06-30 06:20:00,2025-06-30 06:20:00,RAMON,ISRAEL,3,,,ON TIME
681,173,ISRAIR AIRLINES,2025-06-30 06:20:00,2025-06-30 06:20:00,TIVAT,MONTENEGRO,3,,,ON TIME
682,941,ISRAIR AIRLINES,2025-06-30 06:30:00,2025-06-30 06:30:00,ATHENS,GREECE,3,,,ON TIME
683,2365,EL AL ISRAEL AIRLINES,2025-06-30 06:35:00,2025-06-30 06:35:00,BUDAPEST,HUNGARY,3,,,ON TIME
684,2521,EL AL ISRAEL AIRLINES,2025-06-30 06:40:00,2025-06-30 06:40:00,PRAGUE,CZECH REPUBLIC,3,,,ON TIME
685,6490,JETBLUE AIRWAYS CORPORATION,2025-06-30 06:50:00,2025-06-30 06:50:00,NEW YORK,UNITED STATES,3,,,NOT FINAL
686,7447,DELTA AIRLINES,2025-06-30 06:50:00,2025-06-30 06:50:00,NEW YORK,UNITED STATES,3,,,NOT FINAL
687,10,EL AL ISRAEL AIRLINES,2025-06-30 06:50:00,2025-06-30 06:50:00,NEW YORK,UNITED STATES,3,,,NOT FINAL
688,82,EL AL ISRAEL AIRLINES,2025-06-30 06:50:00,2025-06-30 06:50:00,BANGKOK,THAILAND,3,,,NOT FINAL
689,5013,QANTAS AIRWAYS,2025-06-30 06:50:00,2025-06-30 06:50:00,BANGKOK,THAILAND,3,,,NOT FINAL
690,5021,QANTAS AIRWAYS,2025-06-30 06:50:00,2025-06-30 06:50:00,BANGKOK,THAILAND,3,,,NOT FINAL
691,4583,THAI AIRWAYS,2025-06-30 06:50:00,2025-06-30 06:50:00,BANGKOK,THAILAND,3,,,NOT FINAL
692,3299,VIETNAM AIRLINES,2025-06-30 06:50:00,2025-06-30 06:50:00,BANGKOK,THAILAND,3,,,NOT FINAL
693,3101,ARKIA  ISRAELI  AIRLINES,2025-06-30 07:00:00,2025-06-30 07:00:00,ATHENS,GREECE,3,,,ON TIME
694,541,EL AL ISRAEL AIRLINES,2025-06-30 07:05:00,2025-06-30 07:05:00,ATHENS,GREECE,3,,,ON TIME
695,573,EL AL ISRAEL AIRLINES,2025-06-30 07:05:00,2025-06-30 07:05:00,BUCHAREST,ROMANIA,3,,,ON TIME
696,21,AZERBAIJAN AIRLINES,2025-06-30 07:20:00,2025-06-30 07:20:00,BAKU,AZERBAIJAN,3,,,NOT FINAL
697,331,ARKIA  ISRAELI  AIRLINES,2025-06-30 07:35:00,2025-06-30 07:35:00,ROME,ITALY,3,,,ON TIME
698,596,ETIHAD AIRWAYS,2025-06-30 07:40:00,2025-06-30 07:40:00,ABU DHABI,UNITED ARAB EMIRATES,3,,,ON TIME
699,381,EL AL ISRAEL AIRLINES,2025-06-30 07:45:00,2025-06-30 07:45:00,MILAN,ITALY,3,,,ON TIME
700,8910,AIR PORTUGAL,2025-06-30 07:45:00,2025-06-30 07:45:00,MILAN,ITALY,3,,,ON TIME
701,6176,AIR FRANCE,2025-06-30 08:00:00,2025-06-30 08:00:00,PARIS,FRANCE,3,,,ON TIME
702,7897,AERO MEXICO,2025-06-30 08:00:00,2025-06-30 08:00:00,PARIS,FRANCE,3,,,ON TIME
703,221,EL AL ISRAEL AIRLINES,2025-06-30 08:00:00,2025-06-30 08:00:00,PARIS,FRANCE,3,,,ON TIME
704,347,EL AL ISRAEL AIRLINES,2025-06-30 08:00:00,2025-06-30 08:00:00,ZURICH,SWITZERLAND,3,,,ON TIME
705,3189,SAS,2025-06-30 08:00:00,2025-06-30 08:00:00,ZURICH,SWITZERLAND,3,,,ON TIME
706,22,AZERBAIJAN AIRLINES,2025-06-30 08:20:00,2025-06-30 08:20:00,BAKU,AZERBAIJAN,3,,,ON TIME
707,1802,ARKIA  ISRAELI  AIRLINES,2025-06-30 08:50:00,2025-06-30 08:50:00,RAMON,ISRAEL,3,,,NOT FINAL
708,7850,AEROLINEAS ARGENTINAS S.A.,2025-06-30 08:55:00,2025-06-30 08:55:00,MIAMI,UNITED STATES,3,,,NOT FINAL
709,6468,JETBLUE AIRWAYS CORPORATION,2025-06-30 08:55:00,2025-06-30 08:55:00,MIAMI,UNITED STATES,3,,,NOT FINAL
710,6484,JETBLUE AIRWAYS CORPORATION,2025-06-30 08:55:00,2025-06-30 08:55:00,NEWARK,UNITED STATES,3,,,NOT FINAL
711,7438,DELTA AIRLINES,2025-06-30 08:55:00,2025-06-30 08:55:00,MIAMI,UNITED STATES,3,,,NOT FINAL
712,7444,DELTA AIRLINES,2025-06-30 08:55:00,2025-06-30 08:55:00,NEWARK,UNITED STATES,3,,,NOT FINAL
713,2101,ARKIA  ISRAELI  AIRLINES,2025-06-30 08:55:00,2025-06-30 08:55:00,LARNACA,CYPRUS,3,,,ON TIME
714,18,EL AL ISRAEL AIRLINES,2025-06-30 08:55:00,2025-06-30 08:55:00,MIAMI,UNITED STATES,3,,,NOT FINAL
715,28,EL AL ISRAEL AIRLINES,2025-06-30 08:55:00,2025-06-30 08:55:00,NEWARK,UNITED STATES,3,,,NOT FINAL
716,5101,EL AL ISRAEL AIRLINES,2025-06-30 08:55:00,2025-06-30 08:55:00,WARSAW,POLAND,3,,,ON TIME
717,5137,EL AL ISRAEL AIRLINES,2025-06-30 09:00:00,2025-06-30 09:00:00,LARNACA,CYPRUS,3,,,ON TIME
718,283,EL AL ISRAEL AIRLINES,2025-06-30 09:05:00,2025-06-30 09:05:00,ROME,ITALY,3,,,ON TIME
719,3171,SAS,2025-06-30 09:05:00,2025-06-30 09:05:00,ROME,ITALY,3,,,ON TIME
720,7899,AERO MEXICO,2025-06-30 09:15:00,2025-06-30 09:15:00,LOS ANGELES,UNITED STATES,3,,,ON TIME
721,7451,DELTA AIRLINES,2025-06-30 09:15:00,2025-06-30 09:15:00,LOS ANGELES,UNITED STATES,3,,,ON TIME
722,105,EL AL ISRAEL AIRLINES,2025-06-30 09:15:00,2025-06-30 09:15:00,LOS ANGELES,UNITED STATES,3,,,ON TIME
723,943,ISRAIR AIRLINES,2025-06-30 09:30:00,2025-06-30 09:30:00,ATHENS,GREECE,3,,,ON TIME
724,1807,ARKIA  ISRAELI  AIRLINES,2025-06-30 09:50:00,2025-06-30 09:50:00,RAMON,ISRAEL,3,,,ON TIME
725,765,ISRAIR AIRLINES,2025-06-30 09:55:00,2025-06-30 09:55:00,PRAGUE,CZECH REPUBLIC,3,,,ON TIME
726,7069,AIR FRANCE,2025-06-30 10:00:00,2025-06-30 10:00:00,PARIS,FRANCE,3,,,ON TIME
727,7885,AERO MEXICO,2025-06-30 10:00:00,2025-06-30 10:00:00,PARIS,FRANCE,3,,,ON TIME
728,6466,JETBLUE AIRWAYS CORPORATION,2025-06-30 10:00:00,2025-06-30 10:00:00,BOSTON,UNITED STATES,3,,,NOT FINAL
729,7436,DELTA AIRLINES,2025-06-30 10:00:00,2025-06-30 10:00:00,BOSTON,UNITED STATES,3,,,NOT FINAL
730,16,EL AL ISRAEL AIRLINES,2025-06-30 10:00:00,2025-06-30 10:00:00,BOSTON,UNITED STATES,3,,,NOT FINAL
731,323,EL AL ISRAEL AIRLINES,2025-06-30 10:00:00,2025-06-30 10:00:00,PARIS,FRANCE,3,,,ON TIME
732,5791,EL AL ISRAEL AIRLINES,2025-06-30 10:00:00,2025-06-30 10:00:00,BUDAPEST,HUNGARY,3,,,ON TIME
733,3163,SAS,2025-06-30 10:00:00,2025-06-30 10:00:00,PARIS,FRANCE,3,,,ON TIME
734,43,ISRAIR AIRLINES,2025-06-30 10:00:00,2025-06-30 10:00:00,RAMON,ISRAEL,3,,,ON TIME
735,7863,AERO MEXICO,2025-06-30 10:10:00,2025-06-30 10:10:00,LONDON,UNITED KINGDOM,3,,,ON TIME
736,7452,DELTA AIRLINES,2025-06-30 10:10:00,2025-06-30 10:10:00,LONDON,UNITED KINGDOM,3,,,ON TIME
737,315,EL AL ISRAEL AIRLINES,2025-06-30 10:10:00,2025-06-30 10:10:00,LONDON,UNITED KINGDOM,3,,,ON TIME
738,3181,SAS,2025-06-30 10:10:00,2025-06-30 10:10:00,LONDON,UNITED KINGDOM,3,,,ON TIME
739,7493,VIRGIN ATLANTIC AIRWAYS,2025-06-30 10:10:00,2025-06-30 10:10:00,LONDON,UNITED KINGDOM,3,,,ON TIME
740,7871,AERO MEXICO,2025-06-30 10:15:00,2025-06-30 10:15:00,NEW YORK,UNITED STATES,3,,,ON TIME
741,7855,AEROLINEAS ARGENTINAS S.A.,2025-06-30 10:15:00,2025-06-30 10:15:00,NEW YORK,UNITED STATES,3,,,ON TIME
742,6455,JETBLUE AIRWAYS CORPORATION,2025-06-30 10:15:00,2025-06-30 10:15:00,NEW YORK,UNITED STATES,3,,,ON TIME
743,7430,DELTA AIRLINES,2025-06-30 10:15:00,2025-06-30 10:15:00,NEW YORK,UNITED STATES,3,,,ON TIME
744,7,EL AL ISRAEL AIRLINES,2025-06-30 10:15:00,2025-06-30 10:15:00,NEW YORK,UNITED STATES,3,,,ON TIME
745,7701,ARKIA  ISRAELI  AIRLINES,2025-06-30 10:30:00,2025-06-30 10:30:00,PARIS,FRANCE,3,,,ON TIME
746,757,BLUE BIRD AIRWAYS,2025-06-30 10:40:00,2025-06-30 10:40:00,HERAKLION,GREECE,3,,,NOT FINAL
747,2268,EMIRATES,2025-06-30 10:40:00,2025-06-30 10:40:00,DUBAI,UNITED ARAB EMIRATES,3,,,NOT FINAL
748,1635,FLYDUBAI,2025-06-30 10:40:00,2025-06-30 10:40:00,DUBAI,UNITED ARAB EMIRATES,3,,,NOT FINAL
749,7868,AERO MEXICO,2025-06-30 10:50:00,2025-06-30 10:50:00,NEW YORK,UNITED STATES,3,,,NOT FINAL
750,7852,AEROLINEAS ARGENTINAS S.A.,2025-06-30 10:50:00,2025-06-30 10:50:00,NEW YORK,UNITED STATES,3,,,NOT FINAL
751,6450,JETBLUE AIRWAYS CORPORATION,2025-06-30 10:50:00,2025-06-30 10:50:00,NEW YORK,UNITED STATES,3,,,NOT FINAL
752,7425,DELTA AIRLINES,2025-06-30 10:50:00,2025-06-30 10:50:00,NEW YORK,UNITED STATES,3,,,NOT FINAL
753,2,EL AL ISRAEL AIRLINES,2025-06-30 10:50:00,2025-06-30 10:50:00,NEW YORK,UNITED STATES,3,,,NOT FINAL
754,7957,HAINAN AIRLINES,2025-06-30 10:55:00,2025-06-30 10:55:00,BEIJING,CHINA,3,,,NOT FINAL
755,593,ETIHAD AIRWAYS,2025-06-30 11:00:00,2025-06-30 11:00:00,ABU DHABI,UNITED ARAB EMIRATES,3,,,NOT FINAL
756,104,TUS AIRWAYS,2025-06-30 11:00:00,2025-06-30 11:00:00,LARNACA,CYPRUS,3,,,NOT FINAL
757,706,BLUE BIRD AIRWAYS,2025-06-30 11:35:00,2025-06-30 11:35:00,ATHENS,GREECE,3,,,ON TIME
758,942,ISRAIR AIRLINES,2025-06-30 11:45:00,2025-06-30 11:45:00,ATHENS,GREECE,3,,,NOT FINAL
759,2269,EMIRATES,2025-06-30 11:50:00,2025-06-30 11:50:00,DUBAI,UNITED ARAB EMIRATES,3,,,ON TIME
760,1636,FLYDUBAI,2025-06-30 11:50:00,2025-06-30 11:50:00,DUBAI,UNITED ARAB EMIRATES,3,,,ON TIME
761,708,BLUE BIRD AIRWAYS,2025-06-30 11:55:00,2025-06-30 11:55:00,ATHENS,GREECE,3,,,ON TIME
762,2102,ARKIA  ISRAELI  AIRLINES,2025-06-30 11:55:00,2025-06-30 11:55:00,LARNACA,CYPRUS,3,,,NOT FINAL
763,6465,JETBLUE AIRWAYS CORPORATION,2025-06-30 12:05:00,2025-06-30 12:05:00,BOSTON,UNITED STATES,3,,,ON TIME
764,7435,DELTA AIRLINES,2025-06-30 12:05:00,2025-06-30 12:05:00,BOSTON,UNITED STATES,3,,,ON TIME
765,15,EL AL ISRAEL AIRLINES,2025-06-30 12:05:00,2025-06-30 12:05:00,BOSTON,UNITED STATES,3,,,ON TIME
766,7073,AIR FRANCE,2025-06-30 12:10:00,2025-06-30 12:10:00,PARIS,FRANCE,3,,,ON TIME
767,327,EL AL ISRAEL AIRLINES,2025-06-30 12:10:00,2025-06-30 12:10:00,PARIS,FRANCE,3,,,ON TIME
768,3159,SAS,2025-06-30 12:10:00,2025-06-30 12:10:00,PARIS,FRANCE,3,,,ON TIME
769,5108,EL AL ISRAEL AIRLINES,2025-06-30 12:15:00,2025-06-30 12:15:00,TBILISI,GEORGIA,3,,,NOT FINAL
770,5138,EL AL ISRAEL AIRLINES,2025-06-30 12:15:00,2025-06-30 12:15:00,LARNACA,CYPRUS,3,,,NOT FINAL
771,1808,ARKIA  ISRAELI  AIRLINES,2025-06-30 12:20:00,2025-06-30 12:20:00,RAMON,ISRAEL,3,,,NOT FINAL
772,542,EL AL ISRAEL AIRLINES,2025-06-30 12:25:00,2025-06-30 12:25:00,ATHENS,GREECE,3,,,NOT FINAL
773,3102,ARKIA  ISRAELI  AIRLINES,2025-06-30 12:35:00,2025-06-30 12:35:00,ATHENS,GREECE,3,,,NOT FINAL
774,117,ISRAIR AIRLINES,2025-06-30 12:35:00,2025-06-30 12:35:00,LONDON LUTON,UNITED KINGDOM,3,,,ON TIME
775,5102,ARKIA  ISRAELI  AIRLINES,2025-06-30 12:40:00,2025-06-30 12:40:00,VIENNA,AUSTRIA,3,,,NOT FINAL
776,44,ISRAIR AIRLINES,2025-06-30 12:45:00,2025-06-30 12:45:00,RAMON,ISRAEL,3,,,NOT FINAL
777,6101,ARKIA  ISRAELI  AIRLINES,2025-06-30 13:00:00,2025-06-30 13:00:00,MILAN,ITALY,3,,,ON TIME
778,1815,ARKIA  ISRAELI  AIRLINES,2025-06-30 13:20:00,2025-06-30 13:20:00,RAMON,ISRAEL,3,,,ON TIME
779,364,ARKIA  ISRAELI  AIRLINES,2025-06-30 13:25:00,2025-06-30 13:25:00,SOFIA,BULGARIA,3,,,NOT FINAL
780,9515,ARKIA  ISRAELI  AIRLINES,2025-06-30 13:25:00,2025-06-30 13:25:00,AMSTERDAM,NETHERLANDS,3,,,ON TIME
781,174,ISRAIR AIRLINES,2025-06-30 13:25:00,2025-06-30 13:25:00,TIVAT,MONTENEGRO,3,,,NOT FINAL
782,574,EL AL ISRAEL AIRLINES,2025-06-30 13:30:00,2025-06-30 13:30:00,BUCHAREST,ROMANIA,3,,,NOT FINAL
783,991,ISRAIR AIRLINES,2025-06-30 13:40:00,2025-06-30 13:40:00,LARNACA,CYPRUS,3,,,ON TIME
784,5115,EL AL ISRAEL AIRLINES,2025-06-30 13:45:00,2025-06-30 13:45:00,BATUMI,GEORGIA,3,,,ON TIME
785,235,HISKY EUROPE SRL,2025-06-30 13:50:00,2025-06-30 13:50:00,BUCHAREST,ROMANIA,3,,,NOT FINAL
786,7874,AERO MEXICO,2025-06-30 13:55:00,2025-06-30 13:55:00,LOS ANGELES,UNITED STATES,3,,,NOT FINAL
787,6462,JETBLUE AIRWAYS CORPORATION,2025-06-30 13:55:00,2025-06-30 13:55:00,LOS ANGELES,UNITED STATES,3,,,NOT FINAL
788,7429,DELTA AIRLINES,2025-06-30 13:55:00,2025-06-30 13:55:00,LOS ANGELES,UNITED STATES,3,,,NOT FINAL
789,6,EL AL ISRAEL AIRLINES,2025-06-30 13:55:00,2025-06-30 13:55:00,LOS ANGELES,UNITED STATES,3,,,NOT FINAL
790,3103,ARKIA  ISRAELI  AIRLINES,2025-06-30 14:05:00,2025-06-30 14:05:00,ATHENS,GREECE,3,,,ON TIME
791,5101,ARKIA  ISRAELI  AIRLINES,2025-06-30 14:10:00,2025-06-30 14:10:00,VIENNA,AUSTRIA,3,,,ON TIME
792,2366,EL AL ISRAEL AIRLINES,2025-06-30 14:15:00,2025-06-30 14:15:00,BUDAPEST,HUNGARY,3,,,NOT FINAL
793,5141,EL AL ISRAEL AIRLINES,2025-06-30 14:20:00,2025-06-30 14:20:00,LARNACA,CYPRUS,3,,,ON TIME
794,7876,AEROLINEAS ARGENTINAS S.A.,2025-06-30 14:25:00,2025-06-30 14:25:00,ROME,ITALY,3,,,NOT FINAL
795,6482,JETBLUE AIRWAYS CORPORATION,2025-06-30 14:25:00,2025-06-30 14:25:00,NEWARK,UNITED STATES,3,,,NOT FINAL
796,7442,DELTA AIRLINES,2025-06-30 14:25:00,2025-06-30 14:25:00,NEWARK,UNITED STATES,3,,,NOT FINAL
797,363,ARKIA  ISRAELI  AIRLINES,2025-06-30 14:25:00,2025-06-30 14:25:00,SOFIA,BULGARIA,3,,,ON TIME
798,26,EL AL ISRAEL AIRLINES,2025-06-30 14:25:00,2025-06-30 14:25:00,NEWARK,UNITED STATES,3,,,NOT FINAL
799,386,EL AL ISRAEL AIRLINES,2025-06-30 14:25:00,2025-06-30 14:25:00,ROME,ITALY,3,,,NOT FINAL
800,3168,SAS,2025-06-30 14:25:00,2025-06-30 14:25:00,ROME,ITALY,3,,,NOT FINAL
801,8899,AIR PORTUGAL,2025-06-30 14:25:00,2025-06-30 14:25:00,ROME,ITALY,3,,,NOT FINAL
802,110,CYPRUS AIRWAYS,2025-06-30 14:30:00,2025-06-30 14:30:00,LARNACA,CYPRUS,3,,,NOT FINAL
803,951,ISRAIR AIRLINES,2025-06-30 14:30:00,2025-06-30 14:30:00,ATHENS,GREECE,3,,,ON TIME
804,255,ISRAIR AIRLINES,2025-06-30 14:40:00,2025-06-30 14:40:00,BERLIN,GERMANY,3,,,ON TIME
805,944,ISRAIR AIRLINES,2025-06-30 14:45:00,2025-06-30 14:45:00,ATHENS,GREECE,3,,,NOT FINAL
806,594,ETIHAD AIRWAYS,2025-06-30 14:50:00,2025-06-30 14:50:00,ABU DHABI,UNITED ARAB EMIRATES,3,,,ON TIME
807,236,HISKY EUROPE SRL,2025-06-30 14:50:00,2025-06-30 14:50:00,BUCHAREST,ROMANIA,3,,,ON TIME
808,6173,AIR FRANCE,2025-06-30 15:00:00,2025-06-30 15:00:00,NICE,FRANCE,3,,,ON TIME
809,7958,HAINAN AIRLINES,2025-06-30 15:00:00,2025-06-30 15:00:00,BEIJING,CHINA,3,,,ON TIME
810,223,EL AL ISRAEL AIRLINES,2025-06-30 15:00:00,2025-06-30 15:00:00,NICE,FRANCE,3,,,ON TIME
811,418,ETHIOPIAN AIRLINES,2025-06-30 15:20:00,2025-06-30 15:20:00,ADDIS ABABA,ETHIOPIA,3,,,NOT FINAL
812,8808,EL AL ISRAEL AIRLINES,2025-06-30 15:20:00,2025-06-30 15:20:00,ADDIS ABABA,ETHIOPIA,3,,,NOT FINAL
813,111,CYPRUS AIRWAYS,2025-06-30 15:30:00,2025-06-30 15:30:00,LARNACA,CYPRUS,3,,,ON TIME
814,281,EL AL ISRAEL AIRLINES,2025-06-30 15:30:00,2025-06-30 15:30:00,MILAN,ITALY,3,,,ON TIME
815,8908,AIR PORTUGAL,2025-06-30 15:30:00,2025-06-30 15:30:00,MILAN,ITALY,3,,,ON TIME
816,2522,EL AL ISRAEL AIRLINES,2025-06-30 15:45:00,2025-06-30 15:45:00,PRAGUE,CZECH REPUBLIC,3,,,NOT FINAL
817,3452,TRANSAVIA FRANCE,2025-06-30 15:45:00,2025-06-30 15:45:00,PARIS,FRANCE,3,,,NOT FINAL
818,1816,ARKIA  ISRAELI  AIRLINES,2025-06-30 15:50:00,2025-06-30 15:50:00,RAMON,ISRAEL,3,,,NOT FINAL
819,332,ARKIA  ISRAELI  AIRLINES,2025-06-30 15:50:00,2025-06-30 15:50:00,ROME,ITALY,3,,,NOT FINAL
820,346,EL AL ISRAEL AIRLINES,2025-06-30 15:55:00,2025-06-30 15:55:00,GENEVA,SWITZERLAND,3,,,NOT FINAL
821,7455,DELTA AIRLINES,2025-06-30 16:00:00,2025-06-30 16:00:00,FRANKFURT,GERMANY,3,,,NOT FINAL
822,358,EL AL ISRAEL AIRLINES,2025-06-30 16:00:00,2025-06-30 16:00:00,FRANKFURT,GERMANY,3,,,NOT FINAL
823,781,ISRAIR AIRLINES,2025-06-30 16:00:00,2025-06-30 16:00:00,BUDAPEST,HUNGARY,3,,,ON TIME
824,419,ETHIOPIAN AIRLINES,2025-06-30 16:10:00,2025-06-30 16:10:00,ADDIS ABABA,ETHIOPIA,3,,,ON TIME
825,8809,EL AL ISRAEL AIRLINES,2025-06-30 16:10:00,2025-06-30 16:10:00,ADDIS ABABA,ETHIOPIA,3,,,ON TIME
826,7851,AERO MEXICO,2025-06-30 16:15:00,2025-06-30 16:15:00,AMSTERDAM,NETHERLANDS,3,,,ON TIME
827,2475,K.L.M.,2025-06-30 16:15:00,2025-06-30 16:15:00,AMSTERDAM,NETHERLANDS,3,,,ON TIME
828,339,EL AL ISRAEL AIRLINES,2025-06-30 16:15:00,2025-06-30 16:15:00,AMSTERDAM,NETHERLANDS,3,,,ON TIME
829,3151,SAS,2025-06-30 16:15:00,2025-06-30 16:15:00,AMSTERDAM,NETHERLANDS,3,,,ON TIME
830,7068,AIR FRANCE,2025-06-30 16:35:00,2025-06-30 16:35:00,PARIS,FRANCE,3,,,NOT FINAL
831,7898,AERO MEXICO,2025-06-30 16:35:00,2025-06-30 16:35:00,PARIS,FRANCE,3,,,NOT FINAL
832,312,EL AL ISRAEL AIRLINES,2025-06-30 16:35:00,2025-06-30 16:35:00,LONDON LUTON,UNITED KINGDOM,3,,,NOT FINAL
833,320,EL AL ISRAEL AIRLINES,2025-06-30 16:35:00,2025-06-30 16:35:00,PARIS,FRANCE,3,,,NOT FINAL
834,3164,SAS,2025-06-30 16:35:00,2025-06-30 16:35:00,PARIS,FRANCE,3,,,NOT FINAL
835,313,TUS AIRWAYS,2025-06-30 16:35:00,2025-06-30 16:35:00,SOFIA,BULGARIA,3,,,NOT FINAL
836,705,BLUE BIRD AIRWAYS,2025-06-30 16:40:00,2025-06-30 16:40:00,ATHENS,GREECE,3,,,NOT FINAL
837,343,EL AL ISRAEL AIRLINES,2025-06-30 16:40:00,2025-06-30 16:40:00,ZURICH,SWITZERLAND,3,,,ON TIME
838,3191,SAS,2025-06-30 16:40:00,2025-06-30 16:40:00,ZURICH,SWITZERLAND,3,,,ON TIME
839,597,ETIHAD AIRWAYS,2025-06-30 16:45:00,2025-06-30 16:45:00,ABU DHABI,UNITED ARAB EMIRATES,3,,,NOT FINAL
840,3453,TRANSAVIA FRANCE,2025-06-30 16:45:00,2025-06-30 16:45:00,PARIS,FRANCE,3,,,ON TIME
841,1821,ARKIA  ISRAELI  AIRLINES,2025-06-30 16:50:00,2025-06-30 16:50:00,RAMON,ISRAEL,3,,,ON TIME
842,382,EL AL ISRAEL AIRLINES,2025-06-30 16:50:00,2025-06-30 16:50:00,MILAN,ITALY,3,,,NOT FINAL
843,3184,SAS,2025-06-30 16:50:00,2025-06-30 16:50:00,MILAN,ITALY,3,,,NOT FINAL
844,992,ISRAIR AIRLINES,2025-06-30 16:50:00,2025-06-30 16:50:00,LARNACA,CYPRUS,3,,,NOT FINAL
845,7859,AERO MEXICO,2025-06-30 16:55:00,2025-06-30 16:55:00,MADRID,SPAIN,3,,,NOT FINAL
846,7865,AERO MEXICO,2025-06-30 16:55:00,2025-06-30 16:55:00,NEW YORK,UNITED STATES,3,,,ON TIME
847,7857,AEROLINEAS ARGENTINAS S.A.,2025-06-30 16:55:00,2025-06-30 16:55:00,NEW YORK,UNITED STATES,3,,,ON TIME
848,7872,AEROLINEAS ARGENTINAS S.A.,2025-06-30 16:55:00,2025-06-30 16:55:00,MADRID,SPAIN,3,,,NOT FINAL
849,6457,JETBLUE AIRWAYS CORPORATION,2025-06-30 16:55:00,2025-06-30 16:55:00,NEW YORK,UNITED STATES,3,,,ON TIME
850,7432,DELTA AIRLINES,2025-06-30 16:55:00,2025-06-30 16:55:00,NEW YORK,UNITED STATES,3,,,ON TIME
851,7715,IBERIA,2025-06-30 16:55:00,2025-06-30 16:55:00,MADRID,SPAIN,3,,,NOT FINAL
852,11,EL AL ISRAEL AIRLINES,2025-06-30 16:55:00,2025-06-30 16:55:00,NEW YORK,UNITED STATES,3,,,ON TIME
853,396,EL AL ISRAEL AIRLINES,2025-06-30 16:55:00,2025-06-30 16:55:00,MADRID,SPAIN,3,,,NOT FINAL
854,7877,AERO MEXICO,2025-06-30 17:00:00,2025-06-30 17:00:00,LONDON,UNITED KINGDOM,3,,,ON TIME
855,111,BLUE BIRD AIRWAYS,2025-06-30 17:00:00,2025-06-30 17:00:00,LARNACA,CYPRUS,3,,,NOT FINAL
856,707,BLUE BIRD AIRWAYS,2025-06-30 17:00:00,2025-06-30 17:00:00,ATHENS,GREECE,3,,,NOT FINAL
857,317,EL AL ISRAEL AIRLINES,2025-06-30 17:00:00,2025-06-30 17:00:00,LONDON,UNITED KINGDOM,3,,,ON TIME
858,7495,VIRGIN ATLANTIC AIRWAYS,2025-06-30 17:00:00,2025-06-30 17:00:00,LONDON,UNITED KINGDOM,3,,,ON TIME
859,953,ISRAIR AIRLINES,2025-06-30 17:00:00,2025-06-30 17:00:00,ATHENS,GREECE,3,,,ON TIME
860,387,ARKIA  ISRAELI  AIRLINES,2025-06-30 17:05:00,2025-06-30 17:05:00,BELGRADE,SERBIA,3,,,ON TIME
861,2472,K.L.M.,2025-06-30 17:05:00,2025-06-30 17:05:00,AMSTERDAM,NETHERLANDS,3,,,NOT FINAL
862,338,EL AL ISRAEL AIRLINES,2025-06-30 17:05:00,2025-06-30 17:05:00,AMSTERDAM,NETHERLANDS,3,,,NOT FINAL
863,3150,SAS,2025-06-30 17:05:00,2025-06-30 17:05:00,AMSTERDAM,NETHERLANDS,3,,,NOT FINAL
864,7071,AIR FRANCE,2025-06-30 17:15:00,2025-06-30 17:15:00,PARIS,FRANCE,3,,,ON TIME
865,7853,AERO MEXICO,2025-06-30 17:15:00,2025-06-30 17:15:00,PARIS,FRANCE,3,,,ON TIME
866,7866,AERO MEXICO,2025-06-30 17:15:00,2025-06-30 17:15:00,MADRID,SPAIN,3,,,ON TIME
867,7873,AEROLINEAS ARGENTINAS S.A.,2025-06-30 17:15:00,2025-06-30 17:15:00,MADRID,SPAIN,3,,,ON TIME
868,7716,IBERIA,2025-06-30 17:15:00,2025-06-30 17:15:00,MADRID,SPAIN,3,,,ON TIME
869,325,EL AL ISRAEL AIRLINES,2025-06-30 17:15:00,2025-06-30 17:15:00,PARIS,FRANCE,3,,,ON TIME
870,397,EL AL ISRAEL AIRLINES,2025-06-30 17:15:00,2025-06-30 17:15:00,MADRID,SPAIN,3,,,ON TIME
871,7878,AEROLINEAS ARGENTINAS S.A.,2025-06-30 17:20:00,2025-06-30 17:20:00,ROME,ITALY,3,,,NOT FINAL
872,284,EL AL ISRAEL AIRLINES,2025-06-30 17:20:00,2025-06-30 17:20:00,ROME,ITALY,3,,,NOT FINAL
873,3172,SAS,2025-06-30 17:20:00,2025-06-30 17:20:00,ROME,ITALY,3,,,NOT FINAL
874,8919,AIR PORTUGAL,2025-06-30 17:20:00,2025-06-30 17:20:00,ROME,ITALY,3,,,NOT FINAL
875,348,EL AL ISRAEL AIRLINES,2025-06-30 17:25:00,2025-06-30 17:25:00,ZURICH,SWITZERLAND,3,,,NOT FINAL
876,3188,SAS,2025-06-30 17:25:00,2025-06-30 17:25:00,ZURICH,SWITZERLAND,3,,,NOT FINAL
877,112,CYPRUS AIRWAYS,2025-06-30 17:30:00,2025-06-30 17:30:00,LARNACA,CYPRUS,3,,,NOT FINAL
878,363,EL AL ISRAEL AIRLINES,2025-06-30 17:30:00,2025-06-30 17:30:00,VIENNA,AUSTRIA,3,,,ON TIME
879,5102,EL AL ISRAEL AIRLINES,2025-06-30 17:30:00,2025-06-30 17:30:00,WARSAW,POLAND,3,,,NOT FINAL
880,756,BLUE BIRD AIRWAYS,2025-06-30 17:35:00,2025-06-30 17:35:00,HERAKLION,GREECE,3,,,ON TIME
881,5142,EL AL ISRAEL AIRLINES,2025-06-30 17:35:00,2025-06-30 17:35:00,LARNACA,CYPRUS,3,,,NOT FINAL
882,2360,EL AL ISRAEL AIRLINES,2025-06-30 17:40:00,2025-06-30 17:40:00,BUDAPEST,HUNGARY,3,,,NOT FINAL
883,2523,EL AL ISRAEL AIRLINES,2025-06-30 17:55:00,2025-06-30 17:55:00,PRAGUE,CZECH REPUBLIC,3,,,ON TIME
884,107,TUS AIRWAYS,2025-06-30 17:55:00,2025-06-30 17:55:00,LARNACA,CYPRUS,3,,,ON TIME
885,7879,AEROLINEAS ARGENTINAS S.A.,2025-06-30 18:00:00,2025-06-30 18:00:00,ROME,ITALY,3,,,ON TIME
886,113,BLUE BIRD AIRWAYS,2025-06-30 18:00:00,2025-06-30 18:00:00,LARNACA,CYPRUS,3,,,NOT FINAL
887,383,EL AL ISRAEL AIRLINES,2025-06-30 18:00:00,2025-06-30 18:00:00,ROME,ITALY,3,,,ON TIME
888,3169,SAS,2025-06-30 18:00:00,2025-06-30 18:00:00,ROME,ITALY,3,,,ON TIME
889,8900,AIR PORTUGAL,2025-06-30 18:00:00,2025-06-30 18:00:00,ROME,ITALY,3,,,ON TIME
890,163,ISRAIR AIRLINES,2025-06-30 18:00:00,2025-06-30 18:00:00,TIRANA,ALBANIA,3,,,ON TIME
891,5119,EL AL ISRAEL AIRLINES,2025-06-30 18:15:00,2025-06-30 18:15:00,KRAKOW,POLAND,3,,,ON TIME
892,2470,EMIRATES,2025-06-30 18:25:00,2025-06-30 18:25:00,DUBAI,UNITED ARAB EMIRATES,3,,,NOT FINAL
893,1125,FLYDUBAI,2025-06-30 18:25:00,2025-06-30 18:25:00,DUBAI,UNITED ARAB EMIRATES,3,,,NOT FINAL
894,113,CYPRUS AIRWAYS,2025-06-30 18:30:00,2025-06-30 18:30:00,LARNACA,CYPRUS,3,,,ON TIME
895,387,EL AL ISRAEL AIRLINES,2025-06-30 18:30:00,2025-06-30 18:30:00,MILAN,ITALY,3,,,ON TIME
896,543,EL AL ISRAEL AIRLINES,2025-06-30 18:30:00,2025-06-30 18:30:00,ATHENS,GREECE,3,,,ON TIME
897,3183,SAS,2025-06-30 18:30:00,2025-06-30 18:30:00,MILAN,ITALY,3,,,ON TIME
898,8912,AIR PORTUGAL,2025-06-30 18:30:00,2025-06-30 18:30:00,MILAN,ITALY,3,,,ON TIME
899,8938,AIR PORTUGAL,2025-06-30 18:30:00,2025-06-30 18:30:00,MILAN,ITALY,3,,,ON TIME
900,6175,AIR FRANCE,2025-06-30 18:35:00,2025-06-30 18:35:00,PARIS,FRANCE,3,,,NOT FINAL
901,7896,AERO MEXICO,2025-06-30 18:35:00,2025-06-30 18:35:00,PARIS,FRANCE,3,,,NOT FINAL
902,222,EL AL ISRAEL AIRLINES,2025-06-30 18:35:00,2025-06-30 18:35:00,PARIS,FRANCE,3,,,NOT FINAL
903,766,ISRAIR AIRLINES,2025-06-30 18:40:00,2025-06-30 18:40:00,PRAGUE,CZECH REPUBLIC,3,,,NOT FINAL
904,992,ARKIA  ISRAELI  AIRLINES,2025-06-30 19:15:00,2025-06-30 19:15:00,NEW YORK,UNITED STATES,3,,,NOT FINAL
905,1822,ARKIA  ISRAELI  AIRLINES,2025-06-30 19:20:00,2025-06-30 19:20:00,RAMON,ISRAEL,3,,,NOT FINAL
906,5116,EL AL ISRAEL AIRLINES,2025-06-30 19:20:00,2025-06-30 19:20:00,BATUMI,GEORGIA,3,,,NOT FINAL
907,6025,AZIMUTH AIRLINES,2025-06-30 19:30:00,2025-06-30 19:30:00,MINERALNYE VODY,RUSSIAN FEDERATION,3,,,NOT FINAL
908,889,ISRAIR AIRLINES,2025-06-30 19:30:00,2025-06-30 19:30:00,TBILISI,GEORGIA,3,,,ON TIME
909,7872,AERO MEXICO,2025-06-30 19:35:00,2025-06-30 19:35:00,NEW YORK,UNITED STATES,3,,,NOT FINAL
910,7858,AEROLINEAS ARGENTINAS S.A.,2025-06-30 19:35:00,2025-06-30 19:35:00,NEW YORK,UNITED STATES,3,,,NOT FINAL
911,6458,JETBLUE AIRWAYS CORPORATION,2025-06-30 19:35:00,2025-06-30 19:35:00,NEW YORK,UNITED STATES,3,,,NOT FINAL
912,7433,DELTA AIRLINES,2025-06-30 19:35:00,2025-06-30 19:35:00,NEW YORK,UNITED STATES,3,,,NOT FINAL
913,12,EL AL ISRAEL AIRLINES,2025-06-30 19:35:00,2025-06-30 19:35:00,NEW YORK,UNITED STATES,3,,,NOT FINAL
914,3104,ARKIA  ISRAELI  AIRLINES,2025-06-30 19:40:00,2025-06-30 19:40:00,ATHENS,GREECE,3,,,NOT FINAL
915,952,ISRAIR AIRLINES,2025-06-30 19:45:00,2025-06-30 19:45:00,ATHENS,GREECE,3,,,NOT FINAL
916,2471,EMIRATES,2025-06-30 19:55:00,2025-06-30 19:55:00,DUBAI,UNITED ARAB EMIRATES,3,,,ON TIME
917,1126,FLYDUBAI,2025-06-30 19:55:00,2025-06-30 19:55:00,DUBAI,UNITED ARAB EMIRATES,3,,,ON TIME
918,2367,EL AL ISRAEL AIRLINES,2025-06-30 20:00:00,2025-06-30 20:00:00,BUDAPEST,HUNGARY,3,,,ON TIME
919,598,ETIHAD AIRWAYS,2025-06-30 20:05:00,2025-06-30 20:05:00,ABU DHABI,UNITED ARAB EMIRATES,3,,,ON TIME
920,6026,AZIMUTH AIRLINES,2025-06-30 20:30:00,2025-06-30 20:30:00,MINERALNYE VODY,RUSSIAN FEDERATION,3,,,ON TIME
921,993,ISRAIR AIRLINES,2025-06-30 20:45:00,2025-06-30 20:45:00,LARNACA,CYPRUS,3,,,ON TIME
922,7862,AERO MEXICO,2025-06-30 20:55:00,2025-06-30 20:55:00,PARIS,FRANCE,3,,,NOT FINAL
923,324,EL AL ISRAEL AIRLINES,2025-06-30 20:55:00,2025-06-30 20:55:00,PARIS,FRANCE,3,,,NOT FINAL
924,3160,SAS,2025-06-30 20:55:00,2025-06-30 20:55:00,PARIS,FRANCE,3,,,NOT FINAL
925,5109,EL AL ISRAEL AIRLINES,2025-06-30 21:00:00,2025-06-30 21:00:00,TBILISI,GEORGIA,3,,,ON TIME
926,699,GEORGIAN AIRWAYS,2025-06-30 21:25:00,2025-06-30 21:25:00,TBILISI,GEORGIA,3,,,NOT FINAL
927,5133,EL AL ISRAEL AIRLINES,2025-06-30 21:30:00,2025-06-30 21:30:00,LARNACA,CYPRUS,3,,,ON TIME
928,545,EL AL ISRAEL AIRLINES,2025-06-30 21:35:00,2025-06-30 21:35:00,ATHENS,GREECE,3,,,ON TIME
929,7702,ARKIA  ISRAELI  AIRLINES,2025-06-30 21:45:00,2025-06-30 21:45:00,PARIS,FRANCE,3,,,NOT FINAL
930,457,HISKY,2025-06-30 21:55:00,2025-06-30 21:55:00,CHISINAU,MOLDOVA,3,,,NOT FINAL
931,7453,DELTA AIRLINES,2025-06-30 22:00:00,2025-06-30 22:00:00,LONDON,UNITED KINGDOM,3,,,NOT FINAL
932,316,EL AL ISRAEL AIRLINES,2025-06-30 22:00:00,2025-06-30 22:00:00,LONDON,UNITED KINGDOM,3,,,NOT FINAL
933,3176,SAS,2025-06-30 22:00:00,2025-06-30 22:00:00,LONDON,UNITED KINGDOM,3,,,NOT FINAL
934,7494,VIRGIN ATLANTIC AIRWAYS,2025-06-30 22:00:00,2025-06-30 22:00:00,LONDON,UNITED KINGDOM,3,,,NOT FINAL
935,6102,ARKIA  ISRAELI  AIRLINES,2025-06-30 22:10:00,2025-06-30 22:10:00,MILAN,ITALY,3,,,NOT FINAL
936,131,TUS AIRWAYS,2025-06-30 22:15:00,2025-06-30 22:15:00,ROME,ITALY,3,,,NOT FINAL
937,954,ISRAIR AIRLINES,2025-06-30 22:15:00,2025-06-30 22:15:00,ATHENS,GREECE,3,,,NOT FINAL
938,81,EL AL ISRAEL AIRLINES,2025-06-30 22:20:00,2025-06-30 22:20:00,BANGKOK,THAILAND,3,,,ON TIME
939,5020,QANTAS AIRWAYS,2025-06-30 22:20:00,2025-06-30 22:20:00,BANGKOK,THAILAND,3,,,ON TIME
940,4584,THAI AIRWAYS,2025-06-30 22:20:00,2025-06-30 22:20:00,BANGKOK,THAILAND,3,,,ON TIME
941,3298,VIETNAM AIRLINES,2025-06-30 22:20:00,2025-06-30 22:20:00,BANGKOK,THAILAND,3,,,ON TIME
942,700,GEORGIAN AIRWAYS,2025-06-30 22:25:00,2025-06-30 22:25:00,TBILISI,GEORGIA,3,,,ON TIME
943,2450,EMIRATES,2025-06-30 22:40:00,2025-06-30 22:40:00,DUBAI,UNITED ARAB EMIRATES,3,,,NOT FINAL
944,1625,FLYDUBAI,2025-06-30 22:40:00,2025-06-30 22:40:00,DUBAI,UNITED ARAB EMIRATES,3,,,NOT FINAL
945,7074,AIR FRANCE,2025-06-30 22:55:00,2025-06-30 22:55:00,PARIS,FRANCE,3,,,NOT FINAL
946,458,HISKY,2025-06-30 22:55:00,2025-06-30 22:55:00,CHISINAU,MOLDOVA,3,,,ON TIME
947,328,EL AL ISRAEL AIRLINES,2025-06-30 22:55:00,2025-06-30 22:55:00,PARIS,FRANCE,3,,,NOT FINAL
948,3162,SAS,2025-06-30 22:55:00,2025-06-30 22:55:00,PARIS,FRANCE,3,,,NOT FINAL
949,84,EL AL ISRAEL AIRLINES,2025-06-30 23:00:00,2025-06-30 23:00:00,BANGKOK,THAILAND,3,,,NOT FINAL
950,5019,QANTAS AIRWAYS,2025-06-30 23:00:00,2025-06-30 23:00:00,BANGKOK,THAILAND,3,,,NOT FINAL
951,4585,THAI AIRWAYS,2025-06-30 23:00:00,2025-06-30 23:00:00,BANGKOK,THAILAND,3,,,NOT FINAL
952,3295,VIETNAM AIRLINES,2025-06-30 23:00:00,2025-06-30 23:00:00,BANGKOK,THAILAND,3,,,NOT FINAL
953,155,TAROM - ROMANIAN AIR TRANSPORT,2025-06-30 23:20:00,2025-06-30 23:20:00,BUCHAREST,ROMANIA,3,,,NOT FINAL
954,2345,EMIRATES,2025-06-30 23:30:00,2025-06-30 23:30:00,DUBAI,UNITED ARAB EMIRATES,3,,,NOT FINAL
955,1807,FLYDUBAI,2025-06-30 23:30:00,2025-06-30 23:30:00,DUBAI,UNITED ARAB EMIRATES,3,,,NOT FINAL
956,782,ISRAIR AIRLINES,2025-06-30 23:40:00,2025-06-30 23:40:00,BUDAPEST,HUNGARY,3,,,NOT FINAL
957,2451,EMIRATES,2025-06-30 23:50:00,2025-06-30 23:50:00,DUBAI,UNITED ARAB EMIRATES,3,,,ON TIME
958,1626,FLYDUBAI,2025-06-30 23:50:00,2025-06-30 23:50:00,DUBAI,UNITED ARAB EMIRATES,3,,,ON TIME
959,544,EL AL ISRAEL AIRLINES,2025-06-30 23:50:00,2025-06-30 23:50:00,ATHENS,GREECE,3,,,NOT FINAL
960,991,ARKIA  ISRAELI  AIRLINES,2025-06-30 23:55:00,2025-06-30 23:55:00,NEW YORK,UNITED STATES,3,,,ON TIME
961,118,ISRAIR AIRLINES,2025-06-30 23:55:00,2025-06-30 23:55:00,LONDON LUTON,UNITED KINGDOM,3,,,NOT FINAL
962,994,ISRAIR AIRLINES,2025-06-30 23:55:00,2025-06-30 23:55:00,LARNACA,CYPRUS,3,,,NOT FINAL
963,6174,AIR FRANCE,2025-07-01 00:05:00,2025-07-01 00:05:00,NICE,FRANCE,3,,,NOT FINAL
964,224,EL AL ISRAEL AIRLINES,2025-07-01 00:05:00,2025-07-01 00:05:00,NICE,FRANCE,3,,,NOT FINAL
965,256,ISRAIR AIRLINES,2025-07-01 00:05:00,2025-07-01 00:05:00,BERLIN,GERMANY,3,,,NOT FINAL
966,7851,AEROLINEAS ARGENTINAS S.A.,2025-07-01 00:15:00,2025-07-01 00:15:00,MIAMI,UNITED STATES,3,,,ON TIME
967,6467,JETBLUE AIRWAYS CORPORATION,2025-07-01 00:15:00,2025-07-01 00:15:00,MIAMI,UNITED STATES,3,,,ON TIME
968,7437,DELTA AIRLINES,2025-07-01 00:15:00,2025-07-01 00:15:00,MIAMI,UNITED STATES,3,,,ON TIME
969,17,EL AL ISRAEL AIRLINES,2025-07-01 00:15:00,2025-07-01 00:15:00,MIAMI,UNITED STATES,3,,,ON TIME
970,156,TAROM - ROMANIAN AIR TRANSPORT,2025-07-01 00:20:00,2025-07-01 00:20:00,BUCHAREST,ROMANIA,3,,,ON TIME
971,6483,JETBLUE AIRWAYS CORPORATION,2025-07-01 00:30:00,2025-07-01 00:30:00,NEWARK,UNITED STATES,3,,,ON TIME
972,7443,DELTA AIRLINES,2025-07-01 00:30:00,2025-07-01 00:30:00,NEWARK,UNITED STATES,3,,,ON TIME
973,9516,ARKIA  ISRAELI  AIRLINES,2025-07-01 00:30:00,2025-07-01 00:30:00,AMSTERDAM,NETHERLANDS,3,,,NOT FINAL
974,27,EL AL ISRAEL AIRLINES,2025-07-01 00:30:00,2025-07-01 00:30:00,NEWARK,UNITED STATES,3,,,ON TIME
